date,year,month,day,maxtemp,meantemp,mintemp,dewpoint,maxhumid,meanhumid,minhumid,gust,meanwind,maxpress,meanpress,minpress,precip
1/1/20,2020,jan,1,42,38.9,36,32,73,55,47,21,15.5,29.8,29.6,29.5,0.04
1/2/20,2020,jan,2,48,40.8,34,31,59,51.8,34,18,12.6,29.9,29.8,29.8,0
1/3/20,2020,jan,3,51,48.1,44,36,63,56.6,48,12,7.2,29.8,29.8,29.7,0
1/4/20,2020,jan,4,48,44.8,40,42,90,79.6,63,13,5.7,29.8,29.6,29.4,0
1/5/20,2020,jan,5,40,37,32,34,83,61.5,45,26,16.6,29.9,29.6,29.4,0.24
1/6/20,2020,jan,6,40,34.3,28,27,70,59.7,47,17,7,29.9,29.9,29.9,0
1/7/20,2020,jan,7,42,38,34,29,73,51,37,15,9.3,30.1,30,29.8,0
1/8/20,2020,jan,8,44,37.1,29,31,82,57.8,32,26,14.6,30.1,29.8,29.7,0.02
1/9/20,2020,jan,9,33,28.1,23,8,40,34.6,26,24,13.1,30.7,30.6,30.2,0
1/10/20,2020,jan,10,53,43.9,29,42,74,61.1,36,23,14.1,30.7,30.5,30.4,0
1/11/20,2020,jan,11,69,60.2,49,55,77,66.8,51,35,18.3,30.4,30.1,29.9,0
1/12/20,2020,jan,12,73,61.5,41,59,81,57.8,31,31,20.6,30.4,30,29.7,0.02
1/13/20,2020,jan,13,43,38.9,36,35,82,73.7,57,17,9.7,30.5,30.4,30.3,0
1/14/20,2020,jan,14,42,40,37,35,83,76.1,67,8,5.6,30.4,30.3,30.1,0.01
1/15/20,2020,jan,15,50,44.9,41,37,82,62,41,15,8.5,30.1,30.1,30,0
1/16/20,2020,jan,16,47,39.9,30,38,82,64.1,41,28,13.8,30,29.8,29.6,0.03
1/17/20,2020,jan,17,27,20.6,16,11,51,33.8,21,30,20.2,30.6,30.4,30.1,0.07
1/18/20,2020,jan,18,33,22.3,14,28,82,54.2,33,14,9.1,30.6,30.3,29.8,0
1/19/20,2020,jan,19,44,32.3,24,29,85,65.9,41,24,11.9,29.9,29.7,29.6,0.3
1/20/20,2020,jan,20,30,23.8,19,6,52,39.8,25,21,13.9,30.3,30.1,29.9,0
1/21/20,2020,jan,21,28,23.3,18,4,48,39,31,16,7.7,30.4,30.4,30.3,0
1/22/20,2020,jan,22,39,30.4,21,18,61,48.9,38,10,4.9,30.4,30.4,30.4,0
1/23/20,2020,jan,23,49,38.2,27,18,63,42.3,21,14,7.2,30.4,30.3,30.3,0
1/24/20,2020,jan,24,48,40.6,35,34,79,61.3,39,13,7,30.4,30.4,30.3,0
1/25/20,2020,jan,25,49,44.8,40,46,90,80,67,25,15,30.3,30,29.7,0
1/26/20,2020,jan,26,50,46,41,46,86,64.5,44,22,12.2,29.7,29.6,29.6,0.7
1/27/20,2020,jan,27,47,42.6,39,29,65,55.3,44,16,12.4,29.6,29.6,29.5,0
1/28/20,2020,jan,28,42,39.5,36,27,60,50.8,41,17,13.2,29.9,29.7,29.6,0
1/29/20,2020,jan,29,43,35.5,29,18,52,38.6,20,16,11,30.2,27.5,0,0
1/30/20,2020,jan,30,33,28.7,22,18,59,45.9,32,13,7.6,30.3,30.3,30.2,0
1/31/20,2020,jan,31,46,37.3,29,28,68,52.2,35,14,9,30.3,30.3,30.2,0
2/1/20,2020,feb,1,40,38.1,35,34,86,77.9,68,8,4.5,30.2,29.9,29.6,0.02
2/2/20,2020,feb,2,42,39.4,37,30,76,57.2,41,12,7.1,29.6,29.5,29.4,0
2/3/20,2020,feb,3,49,42.3,35,29,64,54.2,41,15,9.6,29.9,29.7,29.5,0
2/4/20,2020,feb,4,47,42.1,36,35,76,68.4,57,9,3.5,29.9,29.8,29.7,0
2/5/20,2020,feb,5,43,39.4,33,36,76,55.4,37,13,6.2,30.1,30,29.8,0.05
2/6/20,2020,feb,6,41,38,34,37,89,81.5,50,22,12.7,30,29.7,29.4,0.29
2/7/20,2020,feb,7,56,39.8,30,47,90,77.6,50,41,14.8,29.6,29.1,28.6,0.21
2/8/20,2020,feb,8,37,29.9,25,13,53,43.9,33,23,16.7,30.4,30.1,29.6,0.26
2/9/20,2020,feb,9,38,29.9,20,30,73,58.4,47,15,7.7,30.6,30.5,30.4,0
2/10/20,2020,feb,10,47,44.4,39,39,76,73.5,70,23,13.8,30.4,30.1,30,0.03
2/11/20,2020,feb,11,45,41.7,40,40,89,83.5,73,12,6.7,30.1,29.9,29.7,0.14
2/12/20,2020,feb,12,45,41.2,38,32,70,48.6,35,15,11.8,30.1,30,29.8,0.16
2/13/20,2020,feb,13,41,38.4,35,36,89,81.2,57,25,6.4,30,29.7,29.6,0.42
2/14/20,2020,feb,14,40,26.9,15,31,70,45.1,26,21,14.3,30.6,30.2,29.8,0.11
2/15/20,2020,feb,15,31,22,12,16,58,41,29,20,10.6,30.6,30.5,30.3,0
2/16/20,2020,feb,16,46,38.7,30,24,61,47.6,37,18,11,30.3,30.1,30,0
2/17/20,2020,feb,17,48,40.5,32,24,67,42.6,27,14,9,30.4,30.2,30.1,0
2/18/20,2020,feb,18,42,39.2,32,36,82,67.9,40,17,11.1,30.5,30.2,29.9,0
2/19/20,2020,feb,19,46,41.3,32,35,83,43.8,25,26,15,30.3,30.1,29.9,0.45
2/20/20,2020,feb,20,36,30.3,24,7,44,35.4,29,17,12.1,30.4,30.4,30.3,0
2/21/20,2020,feb,21,33,25.9,17,9,45,35.1,20,15,10,30.5,30.4,30.2,0
2/22/20,2020,feb,22,48,39,30,18,43,31.8,24,14,11.8,30.2,30.1,30.1,0
2/23/20,2020,feb,23,57,44.8,35,23,48,37,22,15,9,30.1,30.1,30,0
2/24/20,2020,feb,24,64,49,36,32,60,42.6,19,17,9,30.1,30,29.9,0
2/25/20,2020,feb,25,51,46.5,44,42,86,75.9,65,8,5.5,29.9,29.9,29.9,0
2/26/20,2020,feb,26,48,45.3,44,41,86,79.5,66,17,9.8,30,29.9,29.8,0.41
2/27/20,2020,feb,27,55,44.6,33,47,89,67.9,32,33,20.6,29.8,29.4,29.1,0.62
2/28/20,2020,feb,28,37,33.4,28,11,45,35.5,31,21,15.4,29.8,29.7,29.6,0.13
2/29/20,2020,feb,29,34,28.8,22,11,53,42.1,31,18,12.4,29.9,29.8,29.7,0
3/1/20,2020,mar,1,32,25.8,19,9,57,45.6,35,18,12.5,30.2,30,29.9,0
3/2/20,2020,mar,2,52,38.9,24,38,71,59.2,46,22,11,30.2,30,29.8,0
3/3/20,2020,mar,3,57,50.2,47,47,93,73.8,55,17,11.1,29.8,29.6,29.3,0
3/4/20,2020,mar,4,50,46.3,41,47,93,52.6,28,28,19.4,29.8,29.5,29.3,0.06
3/5/20,2020,mar,5,51,43.6,38,26,60,42,25,16,10.8,30.1,30,29.8,0
3/6/20,2020,mar,6,43,37.6,32,37,85,74.3,62,38,15.8,30.1,29.9,29.8,0
3/7/20,2020,mar,7,44,35.1,29,26,82,37.2,16,33,21.6,30.3,30,29.8,0
3/8/20,2020,mar,8,53,42,31,24,49,28.7,19,15,10.7,30.3,30.3,30.2,0
3/9/20,2020,mar,9,72,57.4,43,31,49,28.4,13,20,13.5,30.3,30.2,30.1,0
3/10/20,2020,mar,10,66,49.9,40,47,93,69.2,37,25,11.3,30.1,30,29.8,0
3/11/20,2020,mar,11,58,46.6,39,47,86,61.5,31,15,9.3,30.1,30,29.8,0
3/12/20,2020,mar,12,43,39.8,34,36,86,66.7,37,15,9.5,30.2,30.2,30.1,0
3/13/20,2020,mar,13,60,47.9,40,55,96,81.8,40,24,15.6,30.2,29.9,29.6,0.14
3/14/20,2020,mar,14,53,45,39,23,51,41.3,31,23,16.1,30.3,30.1,30,0.15
3/15/20,2020,mar,15,42,38.4,32,24,62,37.8,25,17,10.8,30.5,30.4,30.3,0
3/16/20,2020,mar,16,45,31.3,25,21,67,48.6,30,16,12.2,30.7,30.6,30.5,0
3/17/20,2020,mar,17,44,39,31,41,97,84.6,62,14,8.1,30.5,30.2,30,0
3/18/20,2020,mar,18,49,42.9,37,32,67,49.2,29,15,9.5,30.5,30.4,30.2,0.03
3/19/20,2020,mar,19,42,40.6,39,40,97,90.1,62,21,13.8,30.4,30.3,30.2,0.15
3/20/20,2020,mar,20,67,52.5,39,56,96,83.3,60,24,13.4,30.2,29.9,29.6,0.42
3/21/20,2020,mar,21,57,42.8,33,40,57,43.7,24,22,14.3,30.4,30.2,29.8,0.01
3/22/20,2020,mar,22,32,29.9,26,17,59,44,29,16,11.9,30.7,30.7,30.5,0
3/23/20,2020,mar,23,41,34.7,28,39,97,75.8,58,24,13.8,30.7,30.4,29.9,0
3/24/20,2020,mar,24,48,40,34,35,93,75.9,54,29,13.5,30.2,30,29.9,1.73
3/25/20,2020,mar,25,42,39.9,37,34,79,72.3,65,17,13.9,30.2,30.1,30,0
3/26/20,2020,mar,26,45,39.6,32,33,85,65.4,47,15,11.7,30,29.9,29.7,0
3/27/20,2020,mar,27,61,52.4,43,39,73,41.3,15,21,12.9,30.1,29.8,29.6,0.01
3/28/20,2020,mar,28,48,44.2,38,39,89,55.8,34,13,6.6,30.2,30.1,30.1,0
3/29/20,2020,mar,29,43,40.7,39,41,97,93.4,82,22,16.3,30.2,30.1,29.9,0
3/30/20,2020,mar,30,42,39.7,37,39,97,91.6,85,23,16.1,30,30,29.9,0.57
3/31/20,2020,mar,31,40,35.7,33,34,93,77.5,65,17,12.9,30.1,30,30,0.08
4/1/20,2020,apr,1,43,37.3,31,32,85,72.5,60,18,11.8,29.9,29.8,29.7,0
4/2/20,2020,apr,2,46,41.6,39,37,89,76.9,66,22,17.8,29.6,29.5,29.5,0.02
4/3/20,2020,apr,3,45,43.2,40,42,93,91.3,86,35,25.2,29.9,29.6,29.4,0.77
4/4/20,2020,apr,4,43,40.7,39,39,93,84.8,76,25,15.3,30,30,29.9,0.21
4/5/20,2020,apr,5,54,44.9,39,41,86,76,62,14,8.3,30.1,30,29.9,0
4/6/20,2020,apr,6,61,51.1,44,40,79,46.3,16,16,10.5,30,29.9,29.8,0
4/7/20,2020,apr,7,62,52.1,47,35,61,36.2,21,13,8.8,29.9,29.8,29.6,0
4/8/20,2020,apr,8,48,44.9,42,42,90,78,63,13,7.5,29.6,29.6,29.5,0.04
4/9/20,2020,apr,9,48,45,42,46,97,84.6,55,26,13.7,29.6,29.2,29,0.03
4/10/20,2020,apr,10,47,42,39,34,79,55.3,39,26,18,29.5,29.2,29.1,0.64
4/11/20,2020,apr,11,51,44.3,38,29,67,43.4,25,22,15.5,30,29.7,29.6,0.01
4/12/20,2020,apr,12,60,48.5,36,43,80,46.1,28,20,11,30.2,30.1,30,0
4/13/20,2020,apr,13,60,56.8,50,56,96,87.8,74,43,24.1,30.1,29.7,29.5,0.09
4/14/20,2020,apr,14,59,51.4,46,51,75,40.5,23,20,10.9,30,29.9,29.7,0.47
4/15/20,2020,apr,15,52,45.4,39,32,70,42.4,22,18,9.1,29.9,29.9,29.8,0
4/16/20,2020,apr,16,46,40.5,34,30,76,44.7,26,22,12.1,30.1,30,29.9,0
4/17/20,2020,apr,17,49,42.2,34,26,54,39,26,21,14.6,30.2,30.1,30,0
4/18/20,2020,apr,18,41,36.3,32,36,96,86.8,62,17,9.9,30,29.8,29.7,0.58
4/19/20,2020,apr,19,61,48.7,37,36,79,52.4,32,26,14.9,29.9,29.7,29.6,0.1
4/20/20,2020,apr,20,51,46,38,37,65,56.2,39,17,10.1,29.7,29.6,29.6,0
4/21/20,2020,apr,21,54,43.8,35,43,89,66.9,41,30,16.8,29.7,29.5,29.4,0
4/22/20,2020,apr,22,44,38.4,34,18,52,38.7,30,25,19.5,29.9,29.7,29.6,0.33
4/23/20,2020,apr,23,54,44.2,34,24,42,29.9,19,16,12.5,30,29.9,29.9,0
4/24/20,2020,apr,24,45,42.4,40,40,89,75.3,46,20,9.7,30,29.8,29.7,0.1
4/25/20,2020,apr,25,52,46.9,38,40,79,61,32,14,7.3,30.1,30,29.9,0.11
4/26/20,2020,apr,26,47,43.5,41,39,93,77.9,50,31,16.4,30.1,30,29.8,0
4/27/20,2020,apr,27,42,40.3,38,40,93,91,87,30,24.5,30,29.8,29.8,0.3
4/28/20,2020,apr,28,44,41.2,38,37,89,72.3,62,21,11,30.2,30.1,30,0.53
4/29/20,2020,apr,29,49,45.1,40,39,80,70.8,61,15,9.9,30.4,30.3,30.2,0
4/30/20,2020,apr,30,49,45.7,44,46,93,81,63,22,13.1,30.4,30.2,30,0
5/1/20,2020,may,1,61,53,48,57,100,92.5,81,17,9,30,29.7,29.6,0.45
5/2/20,2020,may,2,69,57.9,46,51,84,46.2,23,22,13.3,29.9,29.8,29.7,0.35
5/3/20,2020,may,3,78,65.5,53,52,67,48.2,22,20,10,29.8,29.7,29.6,0
5/4/20,2020,may,4,68,60.8,49,50,69,43.1,27,21,11.6,29.8,29.6,29.5,0
5/5/20,2020,may,5,58,50.5,45,32,58,43.3,31,18,13.4,29.9,29.8,29.7,0
5/6/20,2020,may,6,51,46.1,41,40,77,64.7,52,15,9.4,29.9,29.9,29.8,0
5/7/20,2020,may,7,63,52.8,42,39,82,45.9,16,17,8.4,29.7,29.7,29.6,0.01
5/8/20,2020,may,8,56,48.8,43,41,93,56.1,24,18,11.7,29.8,29.7,29.5,0
5/9/20,2020,may,9,43,39.8,36,39,89,65.2,31,31,17.9,29.9,29.6,29.4,0.37
5/10/20,2020,may,10,60,47.7,34,33,62,43.3,25,25,15.3,29.9,29.9,29.8,0
5/11/20,2020,may,11,61,50.4,45,47,83,71.6,42,25,12.2,29.9,29.8,29.7,0
5/12/20,2020,may,12,55,48.6,41,40,79,44.7,26,21,16,30,29.9,29.8,0.23
5/13/20,2020,may,13,59,49.7,38,25,60,33.1,19,21,12.9,30.2,30.1,30.1,0
5/14/20,2020,may,14,69,58.3,46,37,42,29.5,14,16,10.9,30.3,30.2,30,0
5/15/20,2020,may,15,71,61.8,51,61,93,76.4,49,26,12.4,30,29.9,29.7,0.06
5/16/20,2020,may,16,68,59.6,49,61,93,69.2,44,22,13.5,30.3,30,29.7,0.65
5/17/20,2020,may,17,63,55.7,50,49,83,67.9,54,15,8.5,30.3,30.2,30.2,0
5/18/20,2020,may,18,58,52.9,47,46,90,71.9,65,15,8.5,30.2,30.2,30.2,0
5/19/20,2020,may,19,55,50.7,47,44,83,66.7,57,23,12.4,30.4,30.3,30.2,0
5/20/20,2020,may,20,57,51.5,45,41,80,58.1,42,13,8,30.5,30.4,30.4,0
5/21/20,2020,may,21,75,59.5,46,43,66,45,23,17,11,30.4,30.3,30.2,0
5/22/20,2020,may,22,82,69.5,55,55,75,52.7,34,17,14,30.2,30.1,29.9,0
5/23/20,2020,may,23,70,57.6,48,62,84,66.9,41,26,15.5,30.3,30.1,30,0
5/24/20,2020,may,24,53,49.6,45,44,86,72.3,59,18,11.3,30.3,30.3,30.3,0
5/25/20,2020,may,25,55,50.9,48,51,100,90.8,83,12,7.2,30.3,30.3,30.2,0
5/26/20,2020,may,26,67,56,50,59,100,92.2,76,14,5.1,30.2,30.2,30.1,0
5/27/20,2020,may,27,83,70.3,61,62,97,73.5,47,17,11.5,30.2,30.2,30.1,0
5/28/20,2020,may,28,78,70.2,64,67,93,80.2,62,18,13.7,30.2,30.1,30.1,0
5/29/20,2020,may,29,80,72.9,66,69,96,80.8,64,24,16.1,30.1,29.9,29.8,0
5/30/20,2020,may,30,80,71.1,65,66,97,69.8,35,23,12.5,29.8,29.8,29.8,0.09
5/31/20,2020,may,31,68,61.5,50,48,62,40.5,26,23,15,30.1,30,29.8,0
6/1/20,2020,jun,1,63,56.3,48,37,58,38.6,26,17,11,30.2,30.1,30,0
6/2/20,2020,jun,2,64,56.9,49,52,75,61.3,51,17,8.5,30.1,29.9,29.8,0
6/3/20,2020,jun,3,79,67.6,56,60,90,66.9,50,16,7.6,29.8,29.6,29.5,0.03
6/4/20,2020,jun,4,87,74,59,61,93,58.8,28,15,8.8,29.9,29.8,29.6,0
6/5/20,2020,jun,5,81,71.9,64,67,96,77,60,18,11.4,29.9,29.9,29.8,0.16
6/6/20,2020,jun,6,89,72.2,63,68,93,78.9,43,20,11.1,29.8,29.7,29.6,0
6/7/20,2020,jun,7,63,60,57,55,87,74.4,62,16,10.2,29.9,29.8,29.7,0.14
6/8/20,2020,jun,8,79,67.7,55,48,67,43,25,15,8.7,30,29.9,29.9,0
6/9/20,2020,jun,9,80,66.5,60,55,81,52.2,34,10,5.3,30,29.9,29.9,0
6/10/20,2020,jun,10,65,61.1,58,60,100,80.8,63,16,9.5,30.1,30.1,30,0
6/11/20,2020,jun,11,75,68.2,63,66,94,87.5,73,21,14,30,30,30,0
6/12/20,2020,jun,12,83,73.9,65,68,100,61.1,28,17,8.7,30.1,30,29.9,0.74
6/13/20,2020,jun,13,67,63,59,49,62,49.2,38,16,11.3,30.3,30.1,30,0
6/14/20,2020,jun,14,65,59.2,53,52,87,66.9,53,16,10.8,30.4,30.4,30.3,0
6/15/20,2020,jun,15,64,58.7,55,54,90,73.3,57,15,7.9,30.4,30.4,30.4,0
6/16/20,2020,jun,16,69,62.7,56,54,78,64.7,47,13,6.3,30.4,30.4,30.3,0
6/17/20,2020,jun,17,73,65.2,57,58,89,68.4,45,17,7.7,30.3,30.3,30.2,0
6/18/20,2020,jun,18,87,73.5,62,65,90,67.6,41,15,9.7,30.2,30.1,30.1,0
6/19/20,2020,jun,19,86,76.5,68,65,90,66.8,41,16,11.9,30.1,30.1,30,0
6/20/20,2020,jun,20,91,80.2,69,67,78,57.7,36,17,10.1,30,30,29.9,0
6/21/20,2020,jun,21,87,77.2,69,68,87,66.8,48,16,8.5,30,29.9,29.9,0
6/22/20,2020,jun,22,71,65.3,62,64,100,91.7,75,15,8.2,30,29.9,29.9,0
6/23/20,2020,jun,23,87,73.3,63,68,100,78.5,49,18,9.2,29.9,29.8,29.7,0
6/24/20,2020,jun,24,85,76.8,69,70,93,73.1,48,15,10.3,29.8,29.7,29.6,0
6/25/20,2020,jun,25,86,76.8,69,57,61,44.2,26,15,9.5,29.9,29.9,29.8,0.01
6/26/20,2020,jun,26,85,76.5,67,64,78,52.5,34,18,9.7,29.9,29.9,29.8,0
6/27/20,2020,jun,27,83,72.6,66,66,90,62.1,39,12,6.2,29.8,29.8,29.7,0
6/28/20,2020,jun,28,79,68.8,64,67,97,85.5,62,20,7.8,29.8,29.7,29.7,0.02
6/29/20,2020,jun,29,72,66.5,63,67,97,90.9,81,12,7.3,29.9,29.8,29.7,1.2
6/30/20,2020,jun,30,67,64.3,63,64,97,93.1,87,12,6.7,29.9,29.9,29.9,0.21
7/1/20,2020,jul,1,72,66.3,63,66,97,91.7,78,12,5.3,29.9,29.9,29.8,0.19
7/2/20,2020,jul,2,84,70.8,64,69,100,82.5,55,14,5.6,29.8,29.8,29.7,0.03
7/3/20,2020,jul,3,77,68.7,62,66,93,81.5,66,17,12.8,29.9,29.8,29.7,0
7/4/20,2020,jul,4,70,65.3,61,63,97,85.9,76,13,8.2,29.9,29.9,29.9,0
7/5/20,2020,jul,5,77,70.8,65,70,93,83.8,69,15,7.4,29.9,29.9,29.9,0
7/6/20,2020,jul,6,70,66.1,63,65,97,87.9,75,15,8.8,30.1,30,29.9,0.11
7/7/20,2020,jul,7,80,68.5,63,62,93,73.8,39,15,9.6,30.2,30.1,30.1,0
7/8/20,2020,jul,8,85,76.3,67,71,90,75.9,58,20,12.7,30.1,30,29.9,0
7/9/20,2020,jul,9,84,77.5,72,72,91,77.9,65,14,8.7,30,30,29.9,0
7/10/20,2020,jul,10,77,72.2,69,72,97,89.4,79,20,11.5,30,30,29.9,0
7/11/20,2020,jul,11,89,77.2,69,72,100,81,55,23,14.9,29.8,29.7,29.6,0.01
7/12/20,2020,jul,12,88,80.1,72,70,91,65.8,45,20,14.2,29.7,29.6,29.6,0
7/13/20,2020,jul,13,83,76.1,70,69,87,70.6,54,20,9.7,29.8,29.7,29.7,0
7/14/20,2020,jul,14,76,70,66,67,93,81.8,62,23,10.7,30.1,29.9,29.8,0.07
7/15/20,2020,jul,15,69,64.9,62,63,96,84.1,65,15,8.9,30.3,30.2,30.1,0.69
7/16/20,2020,jul,16,68,64.5,61,58,84,73.5,63,16,8.7,30.4,30.3,30.3,0
7/17/20,2020,jul,17,74,66.3,60,66,90,81.9,75,16,9.4,30.3,30.1,30,0.09
7/18/20,2020,jul,18,90,78.7,69,69,93,66,29,12,6.8,30,30,29.9,0.02
7/19/20,2020,jul,19,95,82.2,71,71,84,62,37,18,11.3,29.9,29.9,29.8,0
7/20/20,2020,jul,20,92,83.5,75,72,82,59.8,39,16,13.2,29.9,29.8,29.7,0
7/21/20,2020,jul,21,90,82.5,74,61,57,43,31,14,10.2,30,29.9,29.9,0
7/22/20,2020,jul,22,79,72,69,68,96,75.6,36,14,7.6,30.1,30,30,0.02
7/23/20,2020,jul,23,89,74.5,68,73,100,85.8,55,35,7.5,30,29.9,29.9,0.3
7/24/20,2020,jul,24,78,74,71,70,87,73,62,10,7.5,30.1,30,30,0.57
7/25/20,2020,jul,25,84,76.8,68,68,90,67.5,49,13,6.4,30.1,30,30,0
7/26/20,2020,jul,26,91,82.6,73,67,81,52.5,35,20,12.6,30,29.9,29.8,0
7/27/20,2020,jul,27,95,86.2,76,67,69,50,34,15,11.5,29.8,29.7,29.6,0
7/28/20,2020,jul,28,94,86,79,71,69,51.3,28,21,12.1,29.8,29.7,29.6,0
7/29/20,2020,jul,29,86,79.3,73,63,66,50.3,37,16,10.5,29.9,29.9,29.8,0
7/30/20,2020,jul,30,87,78.3,72,70,76,63.2,44,21,9.1,29.9,29.8,29.7,0
7/31/20,2020,jul,31,77,74,68,67,90,68.5,57,12,7.1,29.8,29.8,29.8,0
8/1/20,2020,aug,1,80,75.4,70,67,81,66.2,54,14,7.8,30,29.9,29.8,0
8/2/20,2020,aug,2,86,77.2,71,73,91,74.8,46,18,11.4,30,29.9,29.9,0
8/3/20,2020,aug,3,92,83.8,76,74,91,57.4,34,24,13.2,30.1,29.9,29.8,0.07
8/4/20,2020,aug,4,78,74.6,71,74,90,80.7,71,38,17.1,30.1,29.9,29.7,0
8/5/20,2020,aug,5,91,79.9,71,68,87,58,35,20,12.3,30,29.9,29.9,0.17
8/6/20,2020,aug,6,82,75.8,70,59,68,47.5,39,12,6.8,30.1,30.1,30,0
8/7/20,2020,aug,7,76,69.6,66,65,90,72.1,52,12,6.5,30.2,30.1,30.1,0
8/8/20,2020,aug,8,77,71.2,66,65,84,68,46,14,6.8,30.2,30.1,30.1,0
8/9/20,2020,aug,9,91,77.2,68,69,90,70.4,41,17,10,30.1,30,30,0
8/10/20,2020,aug,10,93,82.5,72,69,87,61.1,36,13,8.2,30,29.9,29.9,0
8/11/20,2020,aug,11,91,82.8,73,72,87,64.2,43,18,11.5,29.9,29.9,29.9,0
8/12/20,2020,aug,12,91,80.9,74,71,87,66.8,38,13,7.8,30,30,29.9,0
8/13/20,2020,aug,13,83,77.2,70,65,78,55.2,41,13,7.4,30.1,30.1,30,0
8/14/20,2020,aug,14,79,72.7,68,64,87,67,47,17,8.5,30.1,30,30,0
8/15/20,2020,aug,15,69,67.6,65,62,87,77.3,68,23,14.6,30.1,30,30,0
8/16/20,2020,aug,16,70,66.7,64,64,96,84.8,76,15,11.4,30.1,30,29.9,0
8/17/20,2020,aug,17,70,65.2,62,63,96,83.1,65,15,11.5,29.9,29.9,29.8,0.24
8/18/20,2020,aug,18,84,73.5,66,65,96,64.7,28,17,10.5,29.9,29.8,29.7,0.16
8/19/20,2020,aug,19,74,68.6,64,60,84,64.5,51,13,8.4,30,29.9,29.9,0
8/20/20,2020,aug,20,79,70.2,61,56,75,51.8,31,13,8.3,30.1,30,29.9,0.06
8/21/20,2020,aug,21,88,76.2,63,65,84,58.1,31,18,11.5,30,29.9,29.8,0
8/22/20,2020,aug,22,78,73.7,71,68,79,71.5,62,14,7.3,30,29.9,29.9,0
8/23/20,2020,aug,23,88,71.8,67,67,93,77.7,48,30,9,30.1,30,29.9,0
8/24/20,2020,aug,24,84,75.7,67,71,96,78.5,51,16,7.6,30,29.9,29.9,1.33
8/25/20,2020,aug,25,88,78.2,70,71,93,63,37,21,12.8,29.8,29.7,29.6,0
8/26/20,2020,aug,26,75,67.8,62,50,56,41,24,17,13.5,29.9,29.8,29.8,0
8/27/20,2020,aug,27,66,62.8,61,59,90,67.5,46,10,6.1,29.8,29.7,29.6,0
8/28/20,2020,aug,28,81,68.2,61,61,93,74.1,44,9,6,29.8,29.8,29.7,0.18
8/29/20,2020,aug,29,76,71.5,66,72,96,88.6,73,15,9.3,29.8,29.6,29.4,0
8/30/20,2020,aug,30,76,69.8,64,62,71,51.2,35,23,15.3,29.9,29.6,29.4,0.07
8/31/20,2020,aug,31,70,65,58,56,78,62.6,49,15,8.5,30.1,30.1,29.9,0
1/1/19,2019,jan,1,58,47,34,49,97,69.8,44,29,15.9,30.1,29.7,29.4,0.79
1/2/19,2019,jan,2,36,31.9,28,23,69,44.3,22,15,9.5,30.3,30.3,30.1,0
1/3/19,2019,jan,3,45,38.6,33,34,86,66.1,49,16,10.2,30.1,29.9,29.8,0
1/4/19,2019,jan,4,47,41,35,31,70,55.6,42,18,11.1,30,29.9,29.8,0.02
1/5/19,2019,jan,5,43,40.8,38,40,89,85.1,73,17,9.6,29.7,29.6,29.5,0
1/6/19,2019,jan,6,47,37.2,25,31,79,58.9,38,24,14.3,30.2,29.8,29.6,0.53
1/7/19,2019,jan,7,31,25.8,19,10,46,32.4,20,23,11.9,30.4,30.4,30.2,0
1/8/19,2019,jan,8,42,36.9,30,40,93,80.3,36,17,7.6,30.4,30,29.6,0
1/9/19,2019,jan,9,45,39.9,35,38,100,75.8,54,25,14.2,29.5,29.3,29.2,0.13
1/10/19,2019,jan,10,36,33.5,26,23,61,52.7,44,22,16.3,29.8,29.5,29.4,0.02
1/11/19,2019,jan,11,29,24.7,17,11,55,43,30,23,17.9,30.3,30,29.8,0
1/12/19,2019,jan,12,28,21.3,15,0,45,35.7,26,18,14.9,30.5,30.4,30.4,0
1/13/19,2019,jan,13,29,22.7,16,16,66,53.4,43,14,8.1,30.5,30.4,30.3,0
1/14/19,2019,jan,14,31,27.3,24,19,65,59.2,45,15,8.8,30.3,30.2,30.1,0
1/15/19,2019,jan,15,38,30.5,25,20,69,48.6,41,13,7.5,30.1,30.1,30,0
1/16/19,2019,jan,16,39,33.3,26,22,72,56.7,39,17,11.8,30.1,30,29.9,0
1/17/19,2019,jan,17,31,24.9,18,11,51,37,18,16,9.9,30.4,30.3,30.2,0
1/18/19,2019,jan,18,42,35.1,27,29,75,60.4,36,12,6.9,30.3,30.1,30,0
1/19/19,2019,jan,19,36,31.1,28,30,92,67.1,42,23,12.8,30.3,30.2,30.1,0
1/20/19,2019,jan,20,37,27.6,10,34,92,84.8,56,29,17.8,30,29.5,29.2,0.61
1/21/19,2019,jan,21,9,6.5,5,-3,67,54.9,44,24,19.8,30.1,29.8,29.5,0.72
1/22/19,2019,jan,22,28,18.8,8,4,46,33.8,23,22,14.2,30.6,30.4,30.1,0
1/23/19,2019,jan,23,47,35.5,20,43,86,63.4,44,22,14,30.5,30.2,29.9,0
1/24/19,2019,jan,24,59,53.1,37,56,93,84.3,62,36,24.3,29.9,29.4,29.1,0
1/25/19,2019,jan,25,41,35.9,29,25,62,48.3,38,21,14.1,30.1,29.8,29.6,1
1/26/19,2019,jan,26,35,29.9,25,14,56,39.3,32,14,8.6,30.3,30.2,30.1,0
1/27/19,2019,jan,27,46,37.6,27,33,68,60.5,50,25,12.9,30.3,30.1,29.9,0
1/28/19,2019,jan,28,42,30.3,25,27,60,41.8,32,15,10.2,30.1,30,29.9,0
1/29/19,2019,jan,29,38,30.7,21,33,86,68.9,51,17,12.6,30.1,30,29.8,0
1/30/19,2019,jan,30,38,27.9,9,36,93,63.9,29,33,17,30,29.8,29.7,0.18
1/31/19,2019,jan,31,18,11.4,5,-9,41,34.3,26,22,17.3,30.3,30.2,30.1,0
2/1/19,2019,feb,1,23,17.1,11,-1,45,36.5,30,18,13.3,30.4,30.3,30.3,0
2/2/19,2019,feb,2,35,25.9,15,18,54,41.6,21,21,12.7,30.3,30.1,29.9,0
2/3/19,2019,feb,3,38,34.3,28,32,85,65.5,50,10,6.4,30.2,30.1,30,0
2/4/19,2019,feb,4,63,47.4,36,39,82,63.6,41,13,9.5,30,30,29.9,0
2/5/19,2019,feb,5,65,52,41,43,82,60.4,43,20,12.1,30.1,29.9,29.8,0
2/6/19,2019,feb,6,41,36,33,32,89,65.8,52,14,9.9,30.3,30.2,30.1,0
2/7/19,2019,feb,7,41,39.2,35,38,96,88.8,82,15,9.7,30.2,30.1,30,0.55
2/8/19,2019,feb,8,55,41.5,31,44,96,72.9,37,29,11.9,30.1,29.9,29.7,0.04
2/9/19,2019,feb,9,35,30,25,6,43,29.1,19,31,19.7,30.6,30.4,30.1,0.06
2/10/19,2019,feb,10,36,30.5,25,9,49,35.6,26,16,12.4,30.6,30.5,30.3,0
2/11/19,2019,feb,11,37,31.2,26,10,43,32,24,14,10.9,30.4,30.3,30.3,0
2/12/19,2019,feb,12,37,29.4,19,35,93,72.4,31,24,15.9,30.5,30.3,29.8,0
2/13/19,2019,feb,13,42,37.5,34,38,93,77.7,48,21,13.5,29.8,29.6,29.5,1.19
2/14/19,2019,feb,14,39,35.1,32,24,70,51.1,41,26,13.8,30.1,29.9,29.7,0
2/15/19,2019,feb,15,52,45.2,32,47,90,80.3,70,22,11.8,30.1,29.8,29.6,0
2/16/19,2019,feb,16,47,39.6,31,38,71,46.1,37,16,12.2,30,29.8,29.6,0.1
2/17/19,2019,feb,17,33,29.4,24,21,64,49.9,34,18,9.4,30.1,30.1,30,0
2/18/19,2019,feb,18,32,29.3,21,29,93,83.5,48,22,9.4,30.2,29.9,29.8,0.27
2/19/19,2019,feb,19,32,24.6,18,5,54,40.2,21,18,13.4,30.6,30.4,30.3,0.04
2/20/19,2019,feb,20,30,26.1,21,22,84,53.2,36,13,8,30.6,30.4,30.2,0
2/21/19,2019,feb,21,47,35.4,27,33,96,78,51,20,9.6,30.2,29.9,29.8,0.52
2/22/19,2019,feb,22,46,40.9,36,25,55,45.7,35,13,8.8,30.4,30.3,30,0
2/23/19,2019,feb,23,37,34.3,30,30,82,63.1,46,10,6.5,30.5,30.4,30.3,0
2/24/19,2019,feb,24,47,41.4,35,45,97,86.9,62,23,13.8,30.2,29.6,29.2,0.02
2/25/19,2019,feb,25,41,35.8,30,29,79,48.7,30,36,22.9,29.9,29.5,29.3,0.46
2/26/19,2019,feb,26,31,25.8,20,6,38,28.6,16,26,20.1,30.4,30.2,29.9,0
2/27/19,2019,feb,27,26,20.5,13,17,82,42.4,20,16,9,30.4,30.3,30.1,0
2/28/19,2019,feb,28,31,23.7,19,17,82,62.1,29,13,8.6,30.3,30.1,30,0.18
3/1/19,2019,mar,1,37,30.5,23,23,69,48,34,16,6.7,30.4,30.3,30.2,0.02
3/2/19,2019,mar,2,34,32.9,32,30,89,78.3,70,18,10.6,30.2,30,29.9,0
3/3/19,2019,mar,3,41,35.6,32,32,92,74.4,49,16,8,30.1,30,29.9,0
3/4/19,2019,mar,4,40,34.7,25,32,92,78.4,47,22,12.3,29.9,29.7,29.6,1.03
3/5/19,2019,mar,5,30,25.2,19,9,51,42.9,33,16,10.5,30.1,29.9,29.9,0.03
3/6/19,2019,mar,6,26,21.9,18,7,50,36.6,22,26,16.2,30.2,30,29.9,0
3/7/19,2019,mar,7,29,22.2,15,5,54,40,30,18,13.9,30.3,30.2,30.1,0
3/8/19,2019,mar,8,38,28.4,19,16,61,43.6,28,16,11,30.4,30.3,30.2,0
3/9/19,2019,mar,9,46,34.5,26,25,69,54,20,13,7.2,30.4,30.3,30.2,0
3/10/19,2019,mar,10,40,36.2,32,38,96,85.2,67,25,13.5,30.4,30.1,29.8,0
3/11/19,2019,mar,11,50,42.6,37,35,89,57.7,31,21,14.2,29.9,29.9,29.9,0.46
3/12/19,2019,mar,12,44,39.4,36,22,57,43.8,35,23,14.1,30.2,30.1,29.9,0
3/13/19,2019,mar,13,40,36,30,29,70,52.8,37,14,8.1,30.4,30.3,30.2,0
3/14/19,2019,mar,14,50,42.3,36,37,82,66.8,33,12,7.5,30.3,30.2,30.1,0
3/15/19,2019,mar,15,64,54,41,53,94,81.9,67,23,11.9,30.1,29.8,29.6,0
3/16/19,2019,mar,16,56,47.5,37,52,89,50.4,32,30,18.4,30,29.8,29.6,0.2
3/17/19,2019,mar,17,42,37,33,16,44,33.4,27,20,14.3,30.2,30.1,30,0
3/18/19,2019,mar,18,44,36.5,29,13,47,31.8,19,15,10.7,30.3,30.2,30.2,0
3/19/19,2019,mar,19,47,39,33,22,53,38.4,23,15,8,30.4,30.3,30.3,0
3/20/19,2019,mar,20,51,40.7,33,29,65,48.2,37,21,10.2,30.4,30.3,30.3,0
3/21/19,2019,mar,21,51,42.4,36,36,82,66,33,21,10.5,30.3,30.1,29.8,0
3/22/19,2019,mar,22,44,41.3,39,38,89,80.4,62,35,21.3,29.8,29.3,29,0.46
3/23/19,2019,mar,23,47,38.7,34,32,86,64.2,37,29,22.2,29.9,29.4,29.2,0.46
3/24/19,2019,mar,24,59,46.6,34,21,46,31,17,20,13.4,30,30,29.9,0
3/25/19,2019,mar,25,51,43.3,37,26,65,41.6,10,16,10.6,30.1,30,29.9,0
3/26/19,2019,mar,26,43,37.5,32,26,73,31.9,16,15,9.7,30.4,30.2,30.1,0
3/27/19,2019,mar,27,40,36,30,23,59,37.1,26,15,10.9,30.6,30.5,30.4,0
3/28/19,2019,mar,28,53,43,33,36,73,58.2,39,23,15.2,30.5,30.3,30.2,0
3/29/19,2019,mar,29,58,50.7,44,47,80,69.2,47,17,11.6,30.2,30.1,30,0.01
3/30/19,2019,mar,30,66,51.8,44,50,90,76.6,43,22,11.2,30.2,30.1,29.9,0.03
3/31/19,2019,mar,31,67,54.7,42,53,88,76.5,57,31,16.3,29.9,29.7,29.6,0
4/1/19,2019,apr,1,47,41.4,37,27,62,37,18,25,16.3,30.4,30,29.7,0.09
4/2/19,2019,apr,2,53,42.8,31,35,76,42,21,17,10.7,30.4,30.3,30.2,0
4/3/19,2019,apr,3,65,47.2,40,37,89,62.4,21,31,16.7,30.2,29.9,29.7,0.45
4/4/19,2019,apr,4,51,45.2,40,17,37,22.4,12,24,18.5,30.4,30.2,30.1,0
4/5/19,2019,apr,5,45,39.2,35,32,82,42.4,24,17,10.8,30.5,30.4,30.3,0
4/6/19,2019,apr,6,66,47,37,45,93,73.2,40,15,6.9,30.3,30.2,30.1,0.22
4/7/19,2019,apr,7,67,55,44,41,79,55.6,38,16,8.4,30.2,30.2,30.1,0
4/8/19,2019,apr,8,53,43.9,38,43,93,86.1,61,24,12.9,30.1,29.9,29.8,0.11
4/9/19,2019,apr,9,41,38.8,36,39,93,88.2,86,18,10.6,29.8,29.7,29.6,0.2
4/10/19,2019,apr,10,47,41.4,37,37,89,61.4,41,20,13.3,30.1,29.8,29.6,0.07
4/11/19,2019,apr,11,50,43.4,35,31,55,44.7,26,16,9.9,30.3,30.2,30.1,0
4/12/19,2019,apr,12,55,49.2,42,52,89,65.3,48,17,8.2,30.3,30.3,30.1,0
4/13/19,2019,apr,13,75,63.5,57,58,90,76.9,48,22,14.9,30.1,30,29.9,0.36
4/14/19,2019,apr,14,64,55.9,50,53,93,72.9,40,18,7.6,30,29.8,29.6,0.03
4/15/19,2019,apr,15,69,55.8,46,62,97,80.2,50,26,14.4,29.6,29.4,29.2,0.61
4/16/19,2019,apr,16,61,50.9,43,26,49,35.8,21,28,19.1,30,29.8,29.6,0.15
4/17/19,2019,apr,17,60,51,45,36,56,41,23,18,12.1,30.2,30.1,30,0
4/18/19,2019,apr,18,63,49.6,43,57,87,67.9,48,24,10.7,30.3,30.1,29.9,0
4/19/19,2019,apr,19,77,68.8,63,61,84,69.8,52,31,22.5,29.9,29.8,29.7,0
4/20/19,2019,apr,20,73,66.8,62,64,90,84.6,73,30,17.8,29.9,29.9,29.8,0.04
4/21/19,2019,apr,21,69,60,56,60,93,84.3,57,16,8.8,30.1,30,29.9,0.17
4/22/19,2019,apr,22,58,53.3,50,52,94,88.3,72,24,12,30.1,30,29.9,0.01
4/23/19,2019,apr,23,55,49.6,47,48,93,85.4,74,16,12.1,29.9,29.9,29.8,2.43
4/24/19,2019,apr,24,67,54.6,47,51,93,72.3,37,20,9.8,29.9,29.7,29.6,0.12
4/25/19,2019,apr,25,54,51.1,47,43,74,64.2,52,18,10.7,29.9,29.9,29.9,0
4/26/19,2019,apr,26,49,47.3,46,45,93,87,77,25,15.1,29.9,29.7,29.4,0.01
4/27/19,2019,apr,27,56,50.1,45,50,96,68.1,38,26,15.7,29.8,29.4,29.1,1.39
4/28/19,2019,apr,28,56,49.5,45,41,74,57.3,42,21,10.9,30.1,29.9,29.8,0
4/29/19,2019,apr,29,62,52.9,44,38,63,40.7,19,17,9.6,30.4,30.3,30.2,0.01
4/30/19,2019,apr,30,54,47.8,44,43,90,75.3,52,15,7.1,30.4,30.2,30.2,0.14
5/1/19,2019,may,1,55,51,47,41,71,55.9,38,12,6.5,30.5,30.4,30.2,0
5/2/19,2019,may,2,50,46.9,45,46,93,87.6,77,15,9.4,30.3,30.2,30.1,0.02
5/3/19,2019,may,3,57,50.3,45,53,93,84.5,77,15,7.1,30.2,30.1,29.9,0.04
5/4/19,2019,may,4,55,51.1,48,53,97,88.4,80,9,5.8,29.9,29.9,29.9,0.25
5/5/19,2019,may,5,51,49.8,49,47,90,84.6,80,10,6.3,29.9,29.9,29.9,0.01
5/6/19,2019,may,6,58,52,48,47,90,75.2,59,16,11.5,30.1,30,29.9,0
5/7/19,2019,may,7,73,61.1,46,56,86,60.9,41,21,11.1,30.1,30.1,30,0
5/8/19,2019,may,8,61,56.6,52,56,83,64.9,40,14,9.1,30.3,30.2,30.1,0.08
5/9/19,2019,may,9,54,52.1,47,39,61,51.1,43,18,10.8,30.4,30.3,30.3,0
5/10/19,2019,may,10,66,57.5,51,57,87,67.8,50,18,11.5,30.3,30.1,29.9,0
5/11/19,2019,may,11,70,63.3,55,59,86,50.5,23,16,10.7,30.1,29.9,29.9,0.01
5/12/19,2019,may,12,54,47.3,44,40,80,66.3,40,13,6.3,30.1,30,29.9,0.01
5/13/19,2019,may,13,54,48,44,43,86,75.1,59,25,16.8,30,29.9,29.9,0.38
5/14/19,2019,may,14,48,45.5,43,43,90,83.5,74,18,12.8,29.8,29.8,29.8,0.93
5/15/19,2019,may,15,61,51.4,44,42,89,64.5,38,16,8.8,29.8,29.8,29.7,0.04
5/16/19,2019,may,16,64,57,50,48,80,67.6,52,16,6.5,29.9,29.8,29.8,0.01
5/17/19,2019,may,17,64,56.9,50,58,93,86.6,72,15,4.9,29.9,29.8,29.7,0
5/18/19,2019,may,18,69,60.7,54,53,77,53.8,35,21,11.4,30.1,29.9,29.7,0.24
5/19/19,2019,may,19,73,62.8,53,60,81,68.7,52,24,14.9,30.1,30,29.9,0
5/20/19,2019,may,20,86,74.2,67,67,90,71.2,41,17,14.1,29.9,29.7,29.6,0.35
5/21/19,2019,may,21,71,64.9,58,51,53,36.8,26,26,18.9,30,29.8,29.7,0
5/22/19,2019,may,22,68,59.8,55,42,55,43.8,27,18,13.9,30.2,30.1,30,0
5/23/19,2019,may,23,70,61.7,53,58,84,64.5,42,25,14.6,30.3,30,29.7,0
5/24/19,2019,may,24,72,63.6,53,59,87,61.4,0,29,16.5,30.1,29.8,29.6,0.12
5/25/19,2019,may,25,70,63.2,53,49,69,51,35,20,11.8,30.2,30.1,30,0
5/26/19,2019,may,26,87,72,54,60,84,56.5,29,21,12.8,30,29.8,29.7,0.26
5/27/19,2019,may,27,75,64.7,57,55,83,65.5,40,17,9.6,29.9,29.9,29.8,0
5/28/19,2019,may,28,64,55.5,52,52,94,74.4,49,21,13.1,30,29.9,29.7,0
5/29/19,2019,may,29,54,51.7,50,50,89,80.8,71,16,9.3,29.8,29.8,29.7,0.3
5/30/19,2019,may,30,66,57.9,52,56,90,79.7,70,14,7.6,29.8,29.7,29.6,0
5/31/19,2019,may,31,75,62.4,57,60,94,75.2,50,17,9.3,29.8,29.7,29.6,0.3
6/1/19,2019,jun,1,63,58.9,54,57,97,85,72,16,8.6,29.9,29.8,29.8,0
6/2/19,2019,jun,2,61,56.5,53,55,96,88,78,16,8.7,29.8,29.7,29.6,0
6/3/19,2019,jun,3,73,64.3,58,57,86,41.6,20,23,15.2,30,29.8,29.7,0.08
6/4/19,2019,jun,4,72,63.9,55,44,49,37.8,24,14,9.8,30,30,29.9,0
6/5/19,2019,jun,5,83,72.4,61,64,84,54.8,38,16,12.5,29.9,29.8,29.7,0
6/6/19,2019,jun,6,77,68.7,64,67,87,79,66,15,10.1,29.8,29.7,29.6,0.06
6/7/19,2019,jun,7,72,68.8,64,59,76,57.1,39,16,8.7,29.9,29.9,29.8,0
6/8/19,2019,jun,8,71,67.7,63,57,73,53.8,41,15,10,30.2,30.1,30,0
6/9/19,2019,jun,9,78,67.8,57,53,69,46.9,31,16,10.1,30.3,30.3,30.2,0
6/10/19,2019,jun,10,74,66,58,63,90,66.4,44,17,10.4,30.3,30.1,29.9,0
6/11/19,2019,jun,11,78,70.6,63,68,93,72.4,38,20,11.7,30,29.8,29.8,0.49
6/12/19,2019,jun,12,74,67.3,60,52,57,45.8,30,18,11.8,30.2,30.1,30,0.18
6/13/19,2019,jun,13,62,56.3,53,53,90,83.2,56,24,13.5,30.1,29.9,29.7,0.01
6/14/19,2019,jun,14,76,63.8,54,56,94,65.6,40,23,13.2,29.9,29.8,29.7,0.62
6/15/19,2019,jun,15,83,73.1,62,53,58,41.8,27,23,15.4,30.1,30,29.9,0
6/16/19,2019,jun,16,71,67.1,63,65,94,81.5,53,17,7.5,29.9,29.8,29.8,0
6/17/19,2019,jun,17,73,69.4,66,65,93,70.7,53,13,8.2,30,29.9,29.8,0.11
6/18/19,2019,jun,18,70,65.5,62,64,94,86.3,75,9,5.6,30,29.9,29.9,0
6/19/19,2019,jun,19,71,65.2,60,63,93,85.1,71,17,7.1,29.9,29.8,29.8,0.1
6/20/19,2019,jun,20,72,65.5,61,69,94,90.3,84,13,6.7,29.8,29.6,29.4,0.02
6/21/19,2019,jun,21,76,67,61,68,93,79.6,56,21,10.2,29.7,29.5,29.4,1.47
6/22/19,2019,jun,22,82,70.9,65,52,61,49.5,30,21,12.5,29.9,29.8,29.7,0.07
6/23/19,2019,jun,23,87,77.2,66,54,52,39.3,27,18,13.4,29.9,29.8,29.7,0
6/24/19,2019,jun,24,79,71.8,65,58,78,54.1,37,17,10.3,29.9,29.8,29.8,0
6/25/19,2019,jun,25,73,69,63,68,93,85,78,16,7.7,29.9,29.9,29.8,0
6/26/19,2019,jun,26,74,68,62,67,93,86.6,75,14,6.2,30.1,30,29.9,0.13
6/27/19,2019,jun,27,70,65.3,61,63,94,85.5,78,14,7.1,30.1,30.1,30,0
6/28/19,2019,jun,28,85,73,63,65,90,71.2,44,13,6.9,30.1,30.1,30,0
6/29/19,2019,jun,29,84,75,68,70,90,73.4,50,32,8.2,30,29.9,29.7,0.2
6/30/19,2019,jun,30,78,71.1,66,68,87,70.8,54,21,10.1,29.8,29.7,29.6,1.45
7/1/19,2019,jul,1,83,73.7,64,62,81,60.5,39,13,9,29.9,29.8,29.8,0.16
7/2/19,2019,jul,2,87,79.5,73,64,64,52.6,33,14,9.4,29.8,29.7,29.7,0
7/3/19,2019,jul,3,85,79.6,74,65,68,56.5,46,13,8.2,29.9,29.8,29.8,0
7/4/19,2019,jul,4,84,79.1,75,65,69,55.8,42,10,5.7,30.1,30,29.9,0
7/5/19,2019,jul,5,90,81,71,68,79,57.9,35,15,9.7,30.1,30.1,30,0
7/6/19,2019,jul,6,94,80.2,75,73,91,74.2,47,25,12,30,29.9,29.7,0
7/7/19,2019,jul,7,77,71.5,67,71,82,65.5,49,18,10.3,30,29.9,29.8,1.37
7/8/19,2019,jul,8,76,71.9,66,60,76,55.7,42,12,7.8,30,29.9,29.9,0
7/9/19,2019,jul,9,88,80,70,59,68,41.8,26,15,8.4,30,30,29.9,0
7/10/19,2019,jul,10,87,78.9,74,66,73,53.8,37,15,7.8,30,30,29.9,0
7/11/19,2019,jul,11,86,76.9,71,70,87,70.5,49,22,10.2,30,29.9,29.8,0
7/12/19,2019,jul,12,80,73,69,72,94,87.5,74,14,6.2,29.8,29.7,29.6,0.56
7/13/19,2019,jul,13,88,79.6,72,71,91,58.8,38,15,9.4,29.9,29.8,29.8,0.27
7/14/19,2019,jul,14,91,83,74,66,76,51.1,36,16,10.5,29.9,29.8,29.8,0
7/15/19,2019,jul,15,86,78.5,71,56,57,44.5,32,16,11.2,30,30,29.9,0
7/16/19,2019,jul,16,89,80.3,71,66,62,50,34,15,8.7,30.1,30,29.9,0
7/17/19,2019,jul,17,92,81.7,76,73,88,68.5,50,16,10.3,29.9,29.9,29.8,0
7/18/19,2019,jul,18,78,70.8,67,71,85,74.5,59,18,11,30,29.9,29.9,0.43
7/19/19,2019,jul,19,92,77.3,66,75,76,64.1,50,16,8.2,29.9,29.8,29.7,0.04
7/20/19,2019,jul,20,96,89.3,80,77,81,61.9,49,13,9.9,29.8,29.7,29.7,0
7/21/19,2019,jul,21,97,89.9,83,71,63,49.1,36,22,14.1,29.8,29.7,29.6,0
7/22/19,2019,jul,22,84,75.3,68,67,90,71.6,52,18,12.3,29.9,29.8,29.8,0
7/23/19,2019,jul,23,71,66.5,63,63,90,81.1,59,21,12.5,29.9,29.8,29.8,1.57
7/24/19,2019,jul,24,76,71.3,66,63,87,64.4,43,12,5.1,30,29.9,29.9,0.31
7/25/19,2019,jul,25,76,73,69,64,73,63.3,52,15,9,30.1,30.1,30,0
7/26/19,2019,jul,26,81,75.2,67,68,81,66.5,58,13,8,30.3,30.2,30.1,0
7/27/19,2019,jul,27,82,75.3,69,64,75,60.8,50,18,9.8,30.3,30.2,30.1,0
7/28/19,2019,jul,28,93,81,69,70,78,59.3,36,17,10.1,30.1,30,29.9,0
7/29/19,2019,jul,29,92,84.3,76,71,79,59.9,42,15,9.8,29.9,29.9,29.9,0
7/30/19,2019,jul,30,96,84.3,74,73,87,63.2,36,16,8.9,30,29.9,29.9,0.01
7/31/19,2019,jul,31,94,79.8,72,69,82,66.3,37,49,11.7,30,30,29.9,0
8/1/19,2019,aug,1,88,80.6,74,68,82,51.3,27,12,7.7,30.1,30,30,1.25
8/2/19,2019,aug,2,81,75.3,69,58,61,48.4,35,12,8.2,30.1,30.1,30.1,0
8/3/19,2019,aug,3,86,78.1,68,68,78,61.9,43,17,10.5,30.1,30,29.9,0
8/4/19,2019,aug,4,84,76.1,72,68,82,65.8,40,15,8.5,29.9,29.9,29.8,0
8/5/19,2019,aug,5,77,72,66,62,78,52.3,37,15,8.3,30,29.9,29.9,0
8/6/19,2019,aug,6,75,70.4,64,67,94,83.4,73,13,6.5,29.9,29.9,29.8,0
8/7/19,2019,aug,7,84,77.2,69,72,87,74.5,58,20,10.8,29.9,29.8,29.8,0
8/8/19,2019,aug,8,87,76,70,68,90,72.9,44,20,10.5,29.8,29.7,29.6,0
8/9/19,2019,aug,9,86,78.4,69,61,73,47.5,32,15,11.2,29.7,29.7,29.6,0
8/10/19,2019,aug,10,82,74.2,69,54,53,45.4,33,22,13.2,29.9,29.7,29.7,0
8/11/19,2019,aug,11,80,72.5,62,54,67,48.3,35,16,11.2,29.9,29.9,29.9,0
8/12/19,2019,aug,12,86,78,65,60,70,48.5,36,17,10.3,29.9,29.9,29.8,0
8/13/19,2019,aug,13,80,77.4,74,68,79,67.7,58,20,13.1,29.8,29.8,29.7,0
8/14/19,2019,aug,14,76,69.3,63,67,90,77.7,58,13,8,29.9,29.8,29.7,0
8/15/19,2019,aug,15,73,66.2,63,62,93,83.4,68,14,6.3,30.1,30,29.9,0
8/16/19,2019,aug,16,74,67.2,63,66,94,85.7,73,14,5.6,30.1,30.1,30,0
8/17/19,2019,aug,17,74,69.5,67,66,90,84,76,14,8.8,30.1,30,30,0
8/18/19,2019,aug,18,80,73.1,69,71,90,83.1,69,17,5.9,30,30,29.9,0.14
8/19/19,2019,aug,19,93,81.7,75,73,89,67.7,44,17,10.9,29.9,29.9,29.9,0.02
8/20/19,2019,aug,20,83,77.5,72,68,74,59.2,44,14,8,30.1,30,29.9,0.01
8/21/19,2019,aug,21,87,77.7,69,73,84,72.5,55,17,10.2,30,29.9,29.8,0
8/22/19,2019,aug,22,93,80.1,72,74,91,66.7,37,15,9,29.8,29.8,29.8,0.08
8/23/19,2019,aug,23,81,75.8,70,58,63,45.8,33,13,9.7,30,29.9,29.9,0
8/24/19,2019,aug,24,73,67.7,62,58,75,60.1,46,17,10.8,30.3,30.1,30,0
8/25/19,2019,aug,25,70,65.6,60,57,81,67.9,56,22,13.3,30.3,30.3,30.3,0
8/26/19,2019,aug,26,72,64.8,57,56,81,66.8,49,15,9.5,30.3,30.2,30.1,0
8/27/19,2019,aug,27,74,67.3,59,58,81,62.3,41,16,7.2,30.1,30.1,30,0
8/28/19,2019,aug,28,74,69.3,63,68,90,79.3,65,17,7.5,30,29.9,29.8,0
8/29/19,2019,aug,29,86,74.7,68,68,90,67.8,34,14,9.1,29.9,29.8,29.7,0.95
8/30/19,2019,aug,30,87,77.6,65,62,70,51,37,21,12.2,30,29.9,29.9,0
8/31/19,2019,aug,31,81,75.1,69,53,53,40.8,29,13,9.4,30.3,30.1,30.1,0
9/1/19,2019,sep,1,71,67.1,62,58,78,64,55,13,8.8,30.4,30.3,30.3,0
9/2/19,2019,sep,2,77,69.5,62,66,87,74.5,50,14,7.6,30.2,30,29.9,0
9/3/19,2019,sep,3,75,70.4,66,66,87,69.8,55,13,8.5,30,30,29.9,1.11
9/4/19,2019,sep,4,86,73.7,65,69,87,72.5,49,25,12.1,30,29.9,29.8,0
9/5/19,2019,sep,5,70,65.3,62,58,70,56.8,45,13,9.3,30.1,30,29.9,0.33
9/6/19,2019,sep,6,68,64.8,60,59,80,70.2,63,20,11.5,30.1,30,29.8,0
9/7/19,2019,sep,7,74,64.7,57,55,84,63.5,41,22,15.4,29.8,29.7,29.6,0.03
9/8/19,2019,sep,8,78,68.7,62,52,70,52.5,36,14,9.9,30.1,30,29.8,0
9/9/19,2019,sep,9,69,65.4,60,58,78,63,52,15,8.1,30.3,30.2,30.2,0
9/10/19,2019,sep,10,72,67,64,62,87,76.7,57,15,6.6,30.4,30.3,30.2,0
9/11/19,2019,sep,11,87,77,69,68,78,65.8,49,21,14.4,30.2,30.1,29.9,0
9/12/19,2019,sep,12,76,64.6,59,68,83,74.6,65,18,11.1,30.3,30.1,30,0
9/13/19,2019,sep,13,67,61,54,51,81,59.4,41,18,11,30.5,30.4,30.3,0.07
9/14/19,2019,sep,14,72,64.5,53,64,84,72.2,55,21,11,30.4,30.3,30.1,0
9/15/19,2019,sep,15,81,73.6,68,65,87,58.9,35,16,9.8,30.1,30.1,30,0.21
9/16/19,2019,sep,16,74,68.3,63,55,66,48.8,35,15,9.7,30.1,30,30,0
9/17/19,2019,sep,17,69,63.5,59,54,70,59.6,44,16,10.4,30.2,30.1,30,0
9/18/19,2019,sep,18,64,59.3,54,49,64,55,43,17,12.4,30.3,30.3,30.2,0
9/19/19,2019,sep,19,64,58.3,50,47,69,57.6,41,10,7.6,30.3,30.3,30.2,0
9/20/19,2019,sep,20,78,67.6,53,52,77,49.9,30,9,6.2,30.2,30.1,30.1,0
9/21/19,2019,sep,21,82,72.1,65,60,66,53.4,38,16,7.2,30.2,30.1,30.1,0
9/22/19,2019,sep,22,88,75.3,63,63,78,56,31,16,10.5,30.1,30.1,29.9,0
9/23/19,2019,sep,23,92,78.9,70,67,75,61.6,37,20,15.7,29.9,29.8,29.6,0
9/24/19,2019,sep,24,78,71.8,65,64,84,60.6,39,16,11.8,29.8,29.7,29.6,0.14
9/25/19,2019,sep,25,74,64.5,59,55,75,61.5,40,14,9.4,29.9,29.8,29.8,0
9/26/19,2019,sep,26,84,67.9,59,62,84,67.8,34,21,10.9,29.9,29.8,29.7,0
9/27/19,2019,sep,27,73,64.9,59,53,78,59.4,39,13,8.9,30.1,30,29.9,0.27
9/28/19,2019,sep,28,80,69.8,60,63,80,65.8,50,21,12.3,30.1,30.1,30,0
9/29/19,2019,sep,29,73,68.5,59,65,81,59.7,37,17,9.2,30.3,30.2,30,0
9/30/19,2019,sep,30,61,57.7,52,47,69,61.6,53,13,10.1,30.4,30.3,30.2,0
10/1/19,2019,oct,1,72,64.6,57,63,84,74.6,64,18,11.4,30.2,30,29.8,0.05
10/2/19,2019,oct,2,77,66.8,56,65,90,78.1,64,20,11.6,30.1,29.8,29.7,0
10/3/19,2019,oct,3,55,53.3,51,47,86,62.9,53,20,11.3,30.2,30.1,30,0.22
10/4/19,2019,oct,4,62,55.1,47,50,89,64.3,39,23,12.3,30.3,30,29.9,0.11
10/5/19,2019,oct,5,57,50.1,43,39,66,52.9,40,13,9.4,30.4,30.4,30.3,0
10/6/19,2019,oct,6,70,60.2,46,59,71,64.8,52,18,12.2,30.4,30.3,30.2,0
10/7/19,2019,oct,7,80,71.8,61,60,87,63.1,45,29,16.6,30.2,30.1,30,0
10/8/19,2019,oct,8,65,60.9,57,57,84,72.8,60,13,8.3,30.3,30.2,30.1,0.17
10/9/19,2019,oct,9,60,57.6,55,50,83,68.3,58,24,17.4,30.3,30.3,30.3,0
10/10/19,2019,oct,10,59,56.2,54,48,77,65.6,51,25,20.6,30.3,30.2,30.2,0.09
10/11/19,2019,oct,11,57,54.8,53,51,86,78.6,64,30,23.6,30.2,30.1,30,0
10/12/19,2019,oct,12,58,55.7,53,51,86,80.7,72,23,12.2,30,29.9,29.9,0.34
10/13/19,2019,oct,13,67,58.9,53,54,86,74.3,54,10,6.1,30,30,29.9,0
10/14/19,2019,oct,14,64,58.9,52,56,90,78.2,60,13,7.5,30,29.9,29.9,0
10/15/19,2019,oct,15,64,56.4,50,49,71,53.7,33,14,7.9,30.1,30.1,30,0
10/16/19,2019,oct,16,62,55.9,47,55,87,71.5,44,33,16.4,30.1,29.8,29.3,0
10/17/19,2019,oct,17,64,57.1,52,60,93,69.6,0,48,26,29.4,29,28.8,1.2
10/18/19,2019,oct,18,61,54.1,49,40,63,53.6,41,22,14.9,29.9,29.7,29.4,0
10/19/19,2019,oct,19,61,52.6,45,38,65,51.5,35,13,7.8,30,30,29.9,0
10/20/19,2019,oct,20,59,53.4,45,50,77,68.6,59,8,4.8,30.1,30.1,30,0
10/21/19,2019,oct,21,62,56.7,51,50,83,73.5,60,16,8.9,30.2,30.1,30,0
10/22/19,2019,oct,22,60,55.4,50,55,90,82.8,69,17,10.6,30.1,30.1,29.9,0
10/23/19,2019,oct,23,70,60.9,57,58,94,70.4,32,21,9.8,30.1,29.8,29.7,0.32
10/24/19,2019,oct,24,69,58.9,50,41,61,45.9,29,18,11.7,30.3,30.2,30.1,0.26
10/25/19,2019,oct,25,63,57.6,55,50,77,62.9,46,13,6.3,30.3,30.2,30.1,0
10/26/19,2019,oct,26,60,54.3,51,50,86,68.7,48,15,7.5,30.3,30.2,30.1,0.01
10/27/19,2019,oct,27,56,53.3,51,52,89,79.2,63,31,19,30.3,30,29.7,0
10/28/19,2019,oct,28,55,52.9,50,50,89,83,74,17,8.7,30.3,30.2,29.8,1.43
10/29/19,2019,oct,29,57,54.7,52,52,89,81.6,72,13,4.8,30.4,30.3,30.3,0.09
10/30/19,2019,oct,30,64,59.6,55,57,94,85.1,75,13,4.9,30.3,29.3,0,0
10/31/19,2019,oct,31,71,66.1,59,65,93,84,75,30,15.3,30.1,29.9,29.6,0.1
11/1/19,2019,nov,1,72,57.2,45,65,81,49.3,29,35,21.6,30.2,29.8,29.4,0.07
11/2/19,2019,nov,2,51,45.7,40,36,63,52,43,13,6.9,30.2,30.1,30,0
11/3/19,2019,nov,3,56,48.9,42,31,65,45.4,31,13,10,30.2,30,29.9,0
11/4/19,2019,nov,4,55,48.2,42,36,66,46.7,32,14,8.6,30.4,30.3,30.2,0
11/5/19,2019,nov,5,58,54.7,45,53,87,80.7,64,13,7.2,30.3,30.1,30,0
11/6/19,2019,nov,6,55,49.3,42,40,66,41,25,17,10.8,30.3,30.3,30.1,0.4
11/7/19,2019,nov,7,59,49.1,41,44,82,61.6,44,16,11.8,30.3,30.1,29.9,0
11/8/19,2019,nov,8,41,35.3,30,35,79,49,34,25,16.5,30.2,30,29.9,0.23
11/9/19,2019,nov,9,41,34.5,28,20,59,44,27,14,9.7,30.3,30.2,30.1,0
11/10/19,2019,nov,10,53,43.8,33,30,67,51.1,37,18,11.1,30.1,30,29.9,0
11/11/19,2019,nov,11,53,48.2,44,44,83,64.9,50,16,8.7,30.1,30,29.9,0
11/12/19,2019,nov,12,43,37.4,26,37,86,71.1,36,23,12.8,30,29.8,29.6,0
11/13/19,2019,nov,13,33,26.4,21,5,43,36,27,23,16.1,30.4,30.2,30,0.08
11/14/19,2019,nov,14,41,33.8,24,32,76,57.7,46,10,7,30.5,30.4,30.2,0
11/15/19,2019,nov,15,54,44.9,36,30,76,45.9,29,18,13.1,30.2,30.1,30,0
11/16/19,2019,nov,16,40,32.8,28,22,49,28,18,20,13.4,30.5,30.4,30.2,0
11/17/19,2019,nov,17,45,36.1,28,32,79,61.4,38,20,13.3,30.5,30.3,30.1,0
11/18/19,2019,nov,18,41,38.6,36,36,86,79.8,60,22,14.2,30.1,29.8,29.6,0.01
11/19/19,2019,nov,19,45,42.9,41,41,93,84.8,76,8,4,29.8,29.8,29.7,0.3
11/20/19,2019,nov,20,42,40.3,39,37,86,82.7,76,13,10.2,30,29.9,29.8,0.17
11/21/19,2019,nov,21,51,42.7,37,34,79,64.7,46,14,8.6,30.1,30.1,30,0.23
11/22/19,2019,nov,22,56,47.8,39,44,77,62.2,45,21,15.7,29.9,29.7,29.5,0.01
11/23/19,2019,nov,23,47,40.7,35,25,55,40.6,27,15,10,29.9,29.9,29.8,0.08
11/24/19,2019,nov,24,48,44,40,43,87,80.2,60,31,18.4,29.7,29.3,29.1,0.09
11/25/19,2019,nov,25,54,47.1,41,35,70,57.3,41,17,11,29.9,29.7,29.4,1.42
11/26/19,2019,nov,26,63,50.7,40,39,80,60.9,37,20,9.2,30,29.9,29.9,0
11/27/19,2019,nov,27,54,49.2,41,49,93,82.9,71,21,6.2,30.1,29.7,29.4,0
11/28/19,2019,nov,28,52,43.6,35,41,76,66.8,58,29,18.9,30.1,29.7,29.4,0
11/29/19,2019,nov,29,43,36.3,31,23,64,51.4,42,24,17.6,30.1,30,30,0.06
11/30/19,2019,nov,30,39,31.9,26,12,49,35.7,20,20,16.1,30,29.9,29.9,0
12/1/19,2019,dec,1,38,31.8,23,33,86,67.7,51,28,11.6,30,29.9,29.7,0
12/2/19,2019,dec,2,42,37.4,29,37,89,83.3,76,32,23.3,29.7,29.6,29.4,0.71
12/3/19,2019,dec,3,36,32.3,30,28,82,74.9,52,23,15.9,29.4,29.3,29.2,0.41
12/4/19,2019,dec,4,40,35.6,30,28,68,61.8,50,14,9.5,29.5,29.5,29.4,0.07
12/5/19,2019,dec,5,45,39,33,29,70,55.6,43,20,13.3,29.9,29.6,29.4,0
12/6/19,2019,dec,6,37,33.8,30,31,82,66.5,48,16,8.3,30.1,30,29.9,0
12/7/19,2019,dec,7,35,30.8,27,24,73,51.9,38,16,12,30.4,30.3,30.1,0.04
12/8/19,2019,dec,8,41,31.7,23,30,70,56,34,17,9.8,30.5,30.4,30.3,0
12/9/19,2019,dec,9,60,49.7,42,54,90,83,65,28,11.6,30.3,30,29.6,0
12/10/19,2019,dec,10,63,55.9,42,54,82,76.2,66,24,15.8,30,29.8,29.6,0.6
12/11/19,2019,dec,11,42,34,31,34,85,72.8,48,20,11.1,30.3,30.2,30,0.31
12/12/19,2019,dec,12,32,29.8,26,18,64,48.9,40,23,10.1,30.7,30.6,30.4,0.04
12/13/19,2019,dec,13,47,40.3,28,44,90,77,61,10,7.1,30.6,30.4,30.1,0
12/14/19,2019,dec,14,60,53.8,47,56,93,87.1,67,25,11.2,30,29.4,29.1,0.87
12/15/19,2019,dec,15,54,44.6,34,43,66,45,34,29,22.6,30,29.6,29.1,0.48
12/16/19,2019,dec,16,35,33.1,32,13,42,37.7,32,22,11.6,30.2,30.2,30,0
12/17/19,2019,dec,17,38,32.3,27,34,89,79,40,16,10.5,30.1,29.8,29.6,0.05
12/18/19,2019,dec,18,38,32.9,24,26,82,62.5,28,30,14.2,29.8,29.7,29.6,0.6
12/19/19,2019,dec,19,25,20.4,15,1,44,38.2,29,28,19.6,30.3,30.1,29.8,0
12/20/19,2019,dec,20,33,24.5,18,11,55,45.7,40,21,13.3,30.6,30.4,30.3,0
12/21/19,2019,dec,21,34,30.3,22,26,73,63.6,48,9,5.3,30.6,30.5,30.4,0
12/22/19,2019,dec,22,44,37.9,31,26,75,59.8,45,14,10,30.4,30.2,30.1,0
12/23/19,2019,dec,23,56,46.3,36,34,70,55,42,18,11.4,30.1,29.9,29.8,0
12/24/19,2019,dec,24,48,42.3,35,29,53,42.8,31,14,9.8,30.2,30.1,29.8,0
12/25/19,2019,dec,25,42,36.2,32,30,79,60.2,46,8,4.6,30.2,30.2,30.1,0
12/26/19,2019,dec,26,41,36.8,34,31,73,67.2,62,20,7.9,30.4,30.4,30.2,0
12/27/19,2019,dec,27,52,44,36,41,79,71.8,63,20,11.2,30.4,30.2,30,0.01
12/28/19,2019,dec,28,51,46.1,38,40,69,55,38,14,11,30.1,30.1,30,0
12/29/19,2019,dec,29,44,39.1,36,32,76,59.4,42,13,7.3,30.2,30.2,30.1,0
12/30/19,2019,dec,30,41,38.3,36,36,87,82.6,79,31,20.9,30.1,30,29.8,0.53
12/31/19,2019,dec,31,44,40.8,38,40,89,83.3,77,24,14.5,29.8,29.6,29.5,1.07
12/1/20,2020,dec,1,63,56.4,42,26,97,78.7,49,29,16.1,29.7,29.5,29.5,1.26
12/2/20,2020,dec,2,43,39.7,35,23,65,57.4,51,18,13.6,30,29.9,29.8,0
12/3/20,2020,dec,3,49,41.4,33,20,70,52.6,35,15,12.7,30.1,30.1,30,0
12/4/20,2020,dec,4,57,48.8,42,27,89,57.4,36,18,13.4,30.1,30,29.9,0
12/5/20,2020,dec,5,46,38.6,33,31,100,93.5,85,30,19.9,29.9,29.5,29.3,0.29
12/6/20,2020,dec,6,36,33.4,30,19,82,63.8,54,23,17.5,29.7,29.6,29.4,1.45
12/7/20,2020,dec,7,33,29.7,27,17,75,64.2,56,16,10.3,29.8,29.7,29.7,0
12/8/20,2020,dec,8,31,29,26,16,78,64.8,56,20,13.8,29.8,29.7,29.6,0
12/9/20,2020,dec,9,36,30.8,24,17,78,67.6,59,10,7.6,29.8,29.7,29.7,0
12/10/20,2020,dec,10,44,38.4,35,25,78,64.5,49,20,9.6,30.2,30,29.7,0
12/11/20,2020,dec,11,51,41,30,25,89,74.6,56,16,8.2,30.2,30.1,30.1,0
12/12/20,2020,dec,12,47,42.4,36,36,100,96.7,89,13,5.8,30.2,30.1,29.9,0
12/13/20,2020,dec,13,58,45.8,40,29,100,85.8,53,15,5.2,30,29.9,29.8,0.5
12/14/20,2020,dec,14,39,36.1,34,27,89,77.3,67,16,7.8,30,29.9,29.8,0
12/15/20,2020,dec,15,36,31.1,23,1,73,42.3,26,18,13.8,30.4,30.2,29.9,0.06
12/16/20,2020,dec,16,30,23.9,16,0,82,59.2,40,26,14.4,30.5,30.4,30.2,0
12/17/20,2020,dec,17,32,24.9,21,16,100,89,74,35,23.2,30.1,30,29.9,0.24
12/18/20,2020,dec,18,29,25.1,21,11,78,61.9,49,14,10.5,30.3,30.2,30.1,0.06
12/19/20,2020,dec,19,29,23.9,17,10,77,69.7,61,10,6,30.4,30.3,30.3,0
12/20/20,2020,dec,20,36,31.3,26,18,92,81.5,69,8,3.6,30.3,30.1,30,0
12/21/20,2020,dec,21,37,33.2,28,27,100,88.3,73,10,5.8,30,29.8,29.6,0.03
12/22/20,2020,dec,22,44,38.2,34,20,76,62.9,51,20,11.7,30,29.7,29.6,0
12/23/20,2020,dec,23,38,34,30,16,75,55.8,42,16,10.2,30.4,30.3,30,0
12/24/20,2020,dec,24,52,44.7,31,25,97,87.8,79,24,13.5,30.4,30.2,29.9,0
12/25/20,2020,dec,25,59,52,40,26,100,91.7,58,31,18.9,29.9,29.6,29.5,0.34
12/26/20,2020,dec,26,38,31.8,29,14,66,56,46,24,17.1,29.9,29.8,29.6,1.15
12/27/20,2020,dec,27,38,31.2,25,16,69,59.6,47,12,9,30.4,30.2,29.9,0
12/28/20,2020,dec,28,49,39.4,28,22,85,77.9,66,18,9.5,30.3,30.1,30,0
12/29/20,2020,dec,29,41,33,25,0,62,39.6,26,24,15.6,30.5,30.3,30,0
12/30/20,2020,dec,30,41,31.5,24,4,77,52.2,33,21,12,30.5,30.3,29.9,0
12/31/20,2020,dec,31,45,41.4,33,21,89,67,50,23,14.7,30.3,30.1,29.9,0.1
11/1/20,2020,nov,1,49,45.6,38,31,97,81.3,63,17,6.8,30.4,29.9,29.5,0
11/2/20,2020,nov,2,44,38.4,34,14,73,55.6,39,28,19.3,29.7,29.6,29.5,0.62
11/3/20,2020,nov,3,42,37.4,33,15,70,49.5,35,24,14.7,30.4,30,29.6,0
11/4/20,2020,nov,4,54,44.1,33,17,83,61.5,46,17,8.8,30.5,30.4,30.4,0
11/5/20,2020,nov,5,69,58.6,49,44,90,73.2,42,25,15.5,30.4,30.3,30.3,0
11/6/20,2020,nov,6,72,61.3,55,42,87,63.3,36,16,12.5,30.3,30.2,30.1,0
11/7/20,2020,nov,7,74,62.1,51,43,77,54.9,35,10,8.1,30.2,30.1,30.1,0
11/8/20,2020,nov,8,68,60.3,52,45,82,70.4,40,11,7.4,30.3,30.2,30.2,0
11/9/20,2020,nov,9,60,53.3,50,47,93,82.9,67,9,3.6,30.3,30.2,30.2,0
11/10/20,2020,nov,10,74,60.7,48,42,87,71,45,16,9.8,30.2,30.1,30,0
11/11/20,2020,nov,11,73,65.5,58,56,93,83.7,66,26,14.6,30.1,30,29.9,0
11/12/20,2020,nov,12,65,58.7,47,35,100,76.7,52,16,9.7,30.1,29.9,29.8,0.01
11/13/20,2020,nov,13,49,46.4,40,39,97,90.7,74,16,11.9,30.1,30,29.9,0.04
11/14/20,2020,nov,14,49,43.1,38,24,89,63.8,44,16,10,30.2,30.1,29.9,0.18
11/15/20,2020,nov,15,58,46.3,34,23,93,70,50,31,15.2,30.3,30,29.6,0
11/16/20,2020,nov,16,53,48.9,44,26,83,56.5,38,24,13.5,29.9,29.8,29.6,0.39
11/17/20,2020,nov,17,47,41.9,35,22,65,51.5,40,15,11.4,30,29.9,29.8,0
11/18/20,2020,nov,18,35,29.4,23,8,67,46.8,38,21,14,30.6,30.3,30.1,0
11/19/20,2020,nov,19,45,33.7,23,8,73,56.4,45,21,12.6,30.6,30.5,30.3,0
11/20/20,2020,nov,20,63,53.5,46,31,59,48.1,34,22,16.9,30.3,30.2,30.1,0
11/21/20,2020,nov,21,61,53.1,42,27,66,49.3,36,14,9.2,30.5,30.3,30.1,0
11/22/20,2020,nov,22,47,42.4,35,26,86,71,55,22,13.9,30.5,30.4,30.2,0
11/23/20,2020,nov,23,58,49.5,37,24,100,87.4,59,21,12.9,30.2,29.9,29.7,0.62
11/24/20,2020,nov,24,43,36.8,29,13,64,51,35,17,11.6,30.5,30.3,30,1.19
11/25/20,2020,nov,25,50,38.7,28,15,79,67,58,10,4.2,30.5,30.3,30.2,0
11/26/20,2020,nov,26,59,50.1,40,35,100,94.4,82,17,6.9,30.2,30,29.9,0.06
11/27/20,2020,nov,27,55,48.4,40,40,100,84.5,66,9,3.9,30,30,29.9,0.24
11/28/20,2020,nov,28,52,47.3,41,28,80,63.6,50,15,8.2,30,29.9,29.9,0
11/29/20,2020,nov,29,52,43.9,38,26,77,56.7,41,13,8,30.1,30.1,30,0
11/30/20,2020,nov,30,63,52.4,39,34,100,90.3,76,41,19.6,30.1,29.8,29.5,0
10/1/20,2020,oct,1,75,65.5,58,49,84,67.9,46,15,11.8,29.9,29.9,29.8,0.04
10/2/20,2020,oct,2,63,59,54,47,90,74.6,58,14,7.4,30,29.9,29.9,0
10/3/20,2020,oct,3,63,56,49,43,83,69.6,52,13,7.9,30.2,30.1,30,0.02
10/4/20,2020,oct,4,63,55.9,49,36,84,63.3,41,14,8.1,30.3,30.2,30.1,0
10/5/20,2020,oct,5,61,56.8,54,50,93,82.8,70,14,9.1,30.2,30.1,30.1,0
10/6/20,2020,oct,6,69,58.7,51,46,93,77.3,45,16,9.2,30.2,30.1,29.9,0
10/7/20,2020,oct,7,74,61.6,55,43,83,67.3,42,41,17.9,29.9,29.6,29.4,0
10/8/20,2020,oct,8,62,55.9,49,28,64,44.4,28,21,15.6,30.1,29.8,29.6,0.02
10/9/20,2020,oct,9,60,51.8,42,22,80,47.4,27,14,10.7,30.2,30.1,30,0
10/10/20,2020,oct,10,77,65.6,55,48,83,64.8,43,25,19.2,30,29.9,29.8,0
10/11/20,2020,oct,11,67,57,51,38,78,60.6,46,20,12.7,30.3,30.1,29.8,0
10/12/20,2020,oct,12,54,52.8,51,36,75,65.3,56,20,15.9,30.4,30.3,30.2,0
10/13/20,2020,oct,13,58,55.1,51,48,100,94,80,20,14.9,30.2,29.9,29.8,0.29
10/14/20,2020,oct,14,70,57.6,51,37,96,68,33,13,9.2,30,29.9,29.7,1.21
10/15/20,2020,oct,15,71,59.6,49,45,93,74.6,42,25,11.8,30.1,30,29.9,0
10/16/20,2020,oct,16,71,58.9,52,49,97,90.9,78,14,9.6,30.1,30,30,0
10/17/20,2020,oct,17,58,49.4,43,27,93,70.2,34,23,13.8,30.4,30.2,30,1.91
10/18/20,2020,oct,18,58,49.5,41,34,82,70,47,16,7,30.5,30.5,30.4,0.02
10/19/20,2020,oct,19,57,51.3,45,41,90,80.3,64,14,5,30.4,30.4,30.3,0
10/20/20,2020,oct,20,67,58.5,50,47,100,90.3,75,13,6,30.3,30.2,30.2,0
10/21/20,2020,oct,21,65,59.4,56,55,100,95.3,90,14,7.5,30.3,30.2,30.2,0.04
10/22/20,2020,oct,22,67,60.3,54,54,100,90.4,70,13,7.7,30.3,30.2,30.2,0.02
10/23/20,2020,oct,23,61,56.8,55,53,100,92.5,78,13,6.8,30.3,30.2,30.1,0
10/24/20,2020,oct,24,70,59.3,46,32,93,75,50,24,10.9,30,29.9,29.8,0
10/25/20,2020,oct,25,49,46.1,43,31,68,61.7,54,13,10,30.4,30.2,30.1,0
10/26/20,2020,oct,26,53,51.5,48,33,100,80.4,56,17,9.4,30.3,30.2,30.1,0
10/27/20,2020,oct,27,53,50.5,45,32,93,69.2,52,14,8.3,30.2,30.1,30,0.01
10/28/20,2020,oct,28,51,47.1,44,37,100,89.7,74,12,6.3,30.2,30,29.9,0.09
10/29/20,2020,oct,29,49,45.9,44,41,96,89.1,80,25,10.4,29.9,29.8,29.7,0.18
10/30/20,2020,oct,30,44,33.6,30,26,96,89.1,78,24,15.6,30.2,29.9,29.7,0.99
10/31/20,2020,oct,31,42,34.3,28,21,82,67,47,10,6.8,30.5,30.4,30.3,0.18
9/1/20,2020,sep,1,72,66.2,61,55,90,74.2,55,23,11.8,30.2,30.2,30.1,0
9/2/20,2020,sep,2,71,66,62,57,100,92.5,84,15,7.2,30.1,29.9,29.8,0
9/3/20,2020,sep,3,77,71.3,66,62,97,88.8,73,13,6.7,29.8,29.8,29.7,0.21
9/4/20,2020,sep,4,85,75.1,68,43,96,57,27,16,9.9,30,29.8,29.7,0
9/5/20,2020,sep,5,77,69,61,40,63,44.6,31,15,9.9,30.1,30.1,30,0
9/6/20,2020,sep,6,77,68.4,64,51,84,62.6,40,14,6.8,30.2,30.1,30.1,0
9/7/20,2020,sep,7,80,70,63,51,93,68.8,39,17,10.8,30.2,30.1,30,0
9/8/20,2020,sep,8,78,67.7,62,60,100,84.5,64,17,8.4,30.2,30.1,30.1,0
9/9/20,2020,sep,9,76,69.2,64,60,100,83,58,10,6.1,30.3,30.3,30.2,0
9/10/20,2020,sep,10,82,74.6,69,67,96,87.8,71,14,7.2,30.3,30.2,30.1,0
9/11/20,2020,sep,11,74,64.8,58,51,93,78.7,65,15,9.6,30.3,30.2,30,0.25
9/12/20,2020,sep,12,67,59.9,53,45,86,66.9,52,14,9.8,30.4,30.3,30.3,0
9/13/20,2020,sep,13,75,63.9,56,49,90,75.7,46,20,8.1,30.3,30.1,30,0
9/14/20,2020,sep,14,76,68.2,55,35,87,54.8,29,20,14,30.2,30,29.9,0
9/15/20,2020,sep,15,61,55.8,50,37,77,60.2,51,13,8.2,30.3,30.3,30.2,0
9/16/20,2020,sep,16,73,62.1,52,46,86,67.6,46,21,14,30.3,30.1,30.1,0
9/17/20,2020,sep,17,77,67.3,59,50,90,65.2,42,15,10.5,30.1,30,29.9,0
9/18/20,2020,sep,18,64,59.4,53,31,78,61,39,17,13.2,30.1,30,29.9,0
9/19/20,2020,sep,19,59,53,46,27,54,42.6,29,15,10.6,30.4,30.3,30.1,0
9/20/20,2020,sep,20,60,51.9,44,28,57,47.8,36,16,11.4,30.6,30.5,30.4,0
9/21/20,2020,sep,21,61,53.1,46,32,63,51,39,16,10.5,30.6,30.5,30.4,0
9/22/20,2020,sep,22,65,56,45,26,60,41.7,24,18,13.5,30.3,30,29.7,0
9/23/20,2020,sep,23,79,66.3,55,38,68,47.8,34,18,11.7,29.8,29.7,29.7,0
9/24/20,2020,sep,24,79,69.2,61,49,72,57,35,13,8.3,30,29.9,29.8,0
9/25/20,2020,sep,25,71,62.6,59,54,96,80.9,57,14,5.4,30.1,30.1,30,0
9/26/20,2020,sep,26,74,63.4,58,56,100,85.4,57,12,6.9,30.1,30.1,30,0
9/27/20,2020,sep,27,75,69,65,63,97,85.7,73,12,7.6,30,30,29.9,0
9/28/20,2020,sep,28,79,68.8,63,62,100,88.9,56,18,8.6,30,29.9,29.9,0
9/29/20,2020,sep,29,76,68.7,62,61,97,81.7,60,13,7.9,29.9,29.9,29.8,0.05
9/30/20,2020,sep,30,74,69.4,60,46,93,73.8,44,37,18.9,29.8,29.6,29.4,0.42
12/1/21,2021,dec,1,45,39.6,33,30,82,62.6,48,16,9.9,30.1,30.1,29.9,0
12/2/21,2021,dec,2,59,48.4,37,49,86,72.6,58,25,11.8,30.1,29.7,29.4,0
12/3/21,2021,dec,3,44,39.7,33,37,76,48.5,33,24,16.1,30,29.8,29.5,0.02
12/4/21,2021,dec,4,41,36.5,29,27,62,53.8,44,14,9.7,30.1,30.1,30,0
12/5/21,2021,dec,5,47,41.4,38,31,67,49.1,31,13,8.7,30.4,30.3,30.1,0
12/6/21,2021,dec,6,61,53.6,42,56,96,80.4,60,32,17.5,30.3,29.8,29.5,0.01
12/7/21,2021,dec,7,43,39,35,31,62,45.7,34,20,12.2,30.2,30,29.7,0.24
12/8/21,2021,dec,8,36,33.9,28,32,92,71.3,48,20,11,30.2,30,29.8,0
12/9/21,2021,dec,9,38,30.7,26,24,92,64.8,43,13,9.8,30.3,30.1,29.9,0.01
12/10/21,2021,dec,10,43,36.2,29,35,86,66.8,49,9,4.9,30.3,30.2,30.1,0
12/11/21,2021,dec,11,64,48.1,36,59,100,89.2,78,28,10.9,30.1,29.8,29.4,0
12/12/21,2021,dec,12,56,44.5,38,47,72,42.6,24,31,17.9,30.1,29.9,29.5,0.29
12/13/21,2021,dec,13,52,44.5,38,25,48,39.6,28,21,15.9,30.1,30.1,30,0
12/14/21,2021,dec,14,51,44.8,36,26,51,34.5,23,15,10.8,30.6,30.4,30.1,0
12/15/21,2021,dec,15,45,39.2,32,42,90,56.7,34,13,7.6,30.7,30.6,30.2,0
12/16/21,2021,dec,16,60,53.9,46,52,97,77.6,47,20,13.9,30.2,30,29.8,0.18
12/17/21,2021,dec,17,59,53.7,43,45,71,35.5,21,23,16.2,30.1,29.9,29.7,0.01
12/18/21,2021,dec,18,43,39.1,34,42,97,78.7,48,18,7.2,30.2,30,29.8,0
12/19/21,2021,dec,19,44,35.4,23,43,100,85,58,21,12.6,30.2,29.9,29.8,0.92
12/20/21,2021,dec,20,32,26.6,20,19,68,56.1,42,16,9.3,30.4,30.3,30.1,0.02
12/21/21,2021,dec,21,44,36.8,30,30,76,56.8,43,18,9,30.1,30,29.9,0
12/22/21,2021,dec,22,42,39.1,33,39,97,81.3,50,20,10,29.8,29.6,29.4,0
12/23/21,2021,dec,23,33,29.2,24,18,54,34.9,23,18,13.1,30.2,30,29.8,0.09
12/24/21,2021,dec,24,30,27.2,24,24,79,61.4,28,8,4.4,30.2,30.1,29.9,0
12/25/21,2021,dec,25,36,32.6,28,35,97,91.1,82,13,6.1,29.9,29.6,29.5,0
12/26/21,2021,dec,26,38,35.7,33,33,96,80.2,66,20,13,29.9,29.8,29.5,0.56
12/27/21,2021,dec,27,35,32.8,30,25,72,66.1,59,21,8.9,30.1,30,29.9,0
12/28/21,2021,dec,28,45,37.8,33,38,100,80.4,51,12,5.8,29.9,29.8,29.8,0.02
12/29/21,2021,dec,29,42,40.2,37,33,86,66.6,51,12,3.3,30,29.9,29.9,0.02
12/30/21,2021,dec,30,42,40.5,38,41,100,90.5,73,8,3.6,30,29.9,29.9,0
12/31/21,2021,dec,31,46,42.5,40,44,100,93.7,85,7,3.2,30,29.9,29.9,0.06
11/1/21,2021,nov,1,60,54.1,49,50,89,56.9,38,17,13,30.1,29.9,29.7,0.01
11/2/21,2021,nov,2,56,51.3,46,35,63,48.2,37,14,9,30.2,30.1,30.1,0
11/3/21,2021,nov,3,52,46.3,41,33,65,52.7,38,14,10,30.3,30.2,30.1,0
11/4/21,2021,nov,4,48,42.9,36,34,79,61.9,42,12,7,30.4,30.3,30.3,0
11/5/21,2021,nov,5,50,43.8,38,34,76,50.1,28,13,8.1,30.4,30.3,30.3,0
11/6/21,2021,nov,6,50,43.4,36,34,71,56.6,41,12,6.7,30.4,30.4,30.3,0
11/7/21,2021,nov,7,54,44.8,36,38,77,64.8,38,8,4.5,30.3,30.2,30.1,0
11/8/21,2021,nov,8,59,49,41,40,79,59.2,38,12,6.6,30.1,30.1,30.1,0
11/9/21,2021,nov,9,69,55.7,44,46,79,61,38,8,5,30.1,30,29.9,0
11/10/21,2021,nov,10,62,54.6,48,47,80,58.3,39,18,8.6,30.2,30,29.9,0
11/11/21,2021,nov,11,53,48.7,42,41,71,56,40,15,8.8,30.4,30.3,30.2,0
11/12/21,2021,nov,12,63,58,50,60,96,86,68,37,19.4,30.3,29.9,29.8,0
11/13/21,2021,nov,13,57,48.5,41,45,96,75,53,35,12.2,29.9,29.7,29.5,0.53
11/14/21,2021,nov,14,50,44.4,38,40,79,63.5,48,18,10.7,29.9,29.8,29.7,0.19
11/15/21,2021,nov,15,48,43.8,40,41,89,67.1,46,17,12.3,29.8,29.7,29.6,0.08
11/16/21,2021,nov,16,49,41.9,37,29,65,52.7,33,21,14.8,30.2,30,29.8,0
11/17/21,2021,nov,17,52,42.8,35,46,80,61.9,51,17,8.2,30.4,30.3,30.1,0
11/18/21,2021,nov,18,70,59.4,52,53,90,73.8,49,17,13.8,30.1,29.9,29.8,0
11/19/21,2021,nov,19,51,44,37,46,90,61.7,39,21,13.9,30.4,30.1,29.9,0.28
11/20/21,2021,nov,20,44,38.7,33,29,67,51.1,42,14,8.5,30.5,30.5,30.4,0
11/21/21,2021,nov,21,54,47.7,39,50,93,76.3,62,10,7.4,30.4,30.2,30,0
11/22/21,2021,nov,22,56,50.6,37,53,93,72.8,41,21,11.8,29.9,29.8,29.7,0.18
11/23/21,2021,nov,23,39,33.9,28,19,59,46.3,33,21,15.2,30,29.9,29.8,0.04
11/24/21,2021,nov,24,43,35,28,15,58,39.5,23,20,13.8,30.2,30.1,30,0
11/25/21,2021,nov,25,52,45,35,26,55,42.8,36,10,7.3,30.1,29.9,29.7,0
11/26/21,2021,nov,26,47,41.5,35,40,86,75.5,44,23,13.9,29.7,29.5,29.4,0
11/27/21,2021,nov,27,38,34.5,30,31,85,58.6,44,23,17,29.8,29.6,29.4,0.04
11/28/21,2021,nov,28,38,34.6,29,24,61,53,43,14,7.5,29.9,29.8,29.8,0
11/29/21,2021,nov,29,40,34.6,29,24,70,55.3,44,16,10.4,29.9,29.8,29.8,0
11/30/21,2021,nov,30,40,33.5,26,27,70,53.6,41,16,11,30,29.9,29.9,0
10/1/21,2021,oct,1,67,60,51,47,74,55.5,39,15,9.2,30.2,30.1,30.1,0
10/2/21,2021,oct,2,75,64.3,53,55,74,61,48,17,9.5,30.1,30,29.9,0
10/3/21,2021,oct,3,67,63,59,59,87,80,75,13,7.7,30,30,29.9,0
10/4/21,2021,oct,4,63,60,56,60,93,84,78,21,15.4,30.1,30.1,30,0.54
10/5/21,2021,oct,5,62,57.8,55,55,89,83.5,75,14,9.3,30.3,30.2,30.1,0.97
10/6/21,2021,oct,6,68,62.2,56,55,84,68.9,54,8,5,30.4,30.3,30.3,0
10/7/21,2021,oct,7,72,64.3,57,59,84,73.5,59,9,4.3,30.3,30.2,30.1,0
10/8/21,2021,oct,8,71,64.4,60,56,83,71.2,55,17,10.2,30.3,30.2,30.1,0
10/9/21,2021,oct,9,64,62.4,61,56,80,70,56,17,14.3,30.3,30.3,30.3,0
10/10/21,2021,oct,10,66,63,61,57,81,77.3,68,14,10.2,30.3,30.3,30.2,0
10/11/21,2021,oct,11,69,64.2,61,60,90,83.1,73,13,8.4,30.1,30.1,30.1,0
10/12/21,2021,oct,12,74,62.9,58,60,94,82.8,53,9,3.2,30.1,30.1,30,0
10/13/21,2021,oct,13,77,67.8,60,59,86,68.8,46,10,7.3,30,30,29.9,0
10/14/21,2021,oct,14,75,63.5,0,61,90,73.6,0,13,7.3,29.9,29.9,29.9,0
10/15/21,2021,oct,15,69,64.5,61,63,97,88.9,81,13,7.9,29.9,29.9,29.9,0
10/16/21,2021,oct,16,74,69.6,64,66,90,81,66,23,15.4,29.9,29.7,29.6,0
10/17/21,2021,oct,17,64,59.1,53,59,93,70,41,20,12.8,29.7,29.6,29.6,0
10/18/21,2021,oct,18,61,53.7,48,44,77,57,35,20,14,29.8,29.7,29.7,0
10/19/21,2021,oct,19,63,53.9,47,40,68,53,29,18,13.5,29.9,29.8,29.7,0
10/20/21,2021,oct,20,72,61.6,54,55,90,63,46,16,10.5,29.9,29.9,29.8,0
10/21/21,2021,oct,21,74,66.4,59,58,84,57.4,41,15,9.5,30,29.9,29.8,0
10/22/21,2021,oct,22,71,64.3,56,60,93,68.3,44,15,11.3,29.9,29.8,29.7,0
10/23/21,2021,oct,23,59,53.4,50,43,66,56,44,13,9.6,29.9,29.9,29.9,0
10/24/21,2021,oct,24,57,50.7,44,42,71,51.7,34,14,10,30.2,30.1,30,0
10/25/21,2021,oct,25,55,53,50,55,100,95.4,71,18,13.4,30.2,30,29.9,0.48
10/26/21,2021,oct,26,60,56.9,51,59,100,95.8,89,35,21.6,29.9,29.6,29.4,0.84
10/27/21,2021,oct,27,51,49.7,47,49,93,89.6,77,43,28.4,29.8,29.6,29.4,0.45
10/28/21,2021,oct,28,49,46.9,43,43,86,72.7,63,15,10.1,30,29.9,29.8,0.06
10/29/21,2021,oct,29,52,46.6,41,43,86,76.4,71,20,11.5,30,30,29.9,0
10/30/21,2021,oct,30,58,56.3,52,57,100,95.6,71,24,15.8,29.9,29.7,29.5,0.07
10/31/21,2021,oct,31,66,58.7,55,58,100,83.8,56,22,13.7,29.7,29.4,29.3,1.36
9/1/21,2021,sep,1,75,68.9,62,63,90,73.7,53,20,9.1,29.9,29.8,29.7,0
9/2/21,2021,sep,2,75,65.5,61,60,93,74,43,24,15.8,29.9,29.7,29.6,4.23
9/3/21,2021,sep,3,76,67.8,59,53,72,55.5,40,15,10.6,30,29.9,29.9,0
9/4/21,2021,sep,4,80,71.8,63,57,70,53.7,38,15,10.3,30,29.9,29.9,0
9/5/21,2021,sep,5,74,69.6,64,66,90,74.8,65,15,8.9,29.9,29.9,29.8,0
9/6/21,2021,sep,6,84,74.3,69,67,90,66.3,38,17,9.7,29.8,29.7,29.7,0.05
9/7/21,2021,sep,7,80,73.1,65,58,70,52.1,36,16,10.4,29.9,29.9,29.8,0
9/8/21,2021,sep,8,85,75.1,65,66,84,65.9,41,23,13.6,29.9,29.9,29.8,0
9/9/21,2021,sep,9,75,73.4,69,70,90,83.3,71,14,7.5,29.8,29.8,29.7,0.22
9/10/21,2021,sep,10,77,70.1,64,65,90,67.5,46,18,10.6,30,29.8,29.7,0.93
9/11/21,2021,sep,11,78,69,60,58,73,54.1,39,17,11,30.1,30.1,30,0
9/12/21,2021,sep,12,83,74.7,66,66,81,66.9,52,23,15,30.1,30,29.9,0
9/13/21,2021,sep,13,82,75.2,69,67,84,58.4,36,15,9.4,30,29.9,29.9,0.06
9/14/21,2021,sep,14,72,68.6,64,61,78,66.3,51,16,8.5,30.1,30.1,30,0
9/15/21,2021,sep,15,85,75.7,68,72,87,75.3,58,20,10.7,30,30,29.9,0
9/16/21,2021,sep,16,75,68.7,65,65,88,80,68,13,8,30.3,30.2,30,0.3
9/17/21,2021,sep,17,69,66.7,66,63,90,85.4,78,13,8,30.3,30.3,30.1,0.01
9/18/21,2021,sep,18,73,68.6,66,65,90,85,76,16,5.9,30.1,30,29.9,0
9/19/21,2021,sep,19,71,67.7,62,66,88,71.4,47,14,9.6,30.2,30.1,30,0.34
9/20/21,2021,sep,20,71,64.8,58,59,84,70,53,14,6.4,30.4,30.3,30.2,0
9/21/21,2021,sep,21,72,66.5,57,65,87,77.3,70,13,6,30.4,30.4,30.3,0
9/22/21,2021,sep,22,80,72.4,67,69,90,80.3,62,20,7.8,30.3,30.2,30.1,0
9/23/21,2021,sep,23,81,72.9,68,69,90,79.3,56,15,8,30.1,30.1,30,0
9/24/21,2021,sep,24,79,74.4,69,70,90,76.3,48,20,11.1,30.1,30,30,0.03
9/25/21,2021,sep,25,73,67.6,65,63,90,74.3,44,9,6.1,30,29.9,29.8,0
9/26/21,2021,sep,26,76,67.9,65,63,90,68.2,32,18,8.5,29.9,29.8,29.7,0.58
9/27/21,2021,sep,27,76,68.3,58,57,70,56.3,43,17,12.2,29.9,29.9,29.8,0
9/28/21,2021,sep,28,70,67.5,61,63,87,76.4,61,15,8.1,29.8,29.8,29.7,0
9/29/21,2021,sep,29,64,59.3,52,48,74,60.5,48,15,9.1,30,29.9,29.8,0.72
9/30/21,2021,sep,30,63,58.3,54,47,69,59.5,45,13,9.8,30.1,30,30,0
8/1/21,2021,aug,1,77,70.7,64,61,73,57,42,20,8.7,29.9,29.9,29.8,0
8/2/21,2021,aug,2,82,74.6,66,60,76,54.3,39,18,9.1,30,29.9,29.8,0
8/3/21,2021,aug,3,77,71.9,65,64,73,60.8,45,12,5.5,30.1,30.1,30,0
8/4/21,2021,aug,4,74,69.6,66,66,90,78.2,62,16,7.8,30.2,30.1,30.1,0
8/5/21,2021,aug,5,70,67.1,65,65,93,88.4,81,16,8.9,30.1,30.1,30,1.33
8/6/21,2021,aug,6,89,76.4,67,69,90,70.7,42,14,7.9,30.1,30.1,30.1,0.67
8/7/21,2021,aug,7,92,81.1,71,69,76,60.3,41,16,10.3,30.1,30,29.9,0
8/8/21,2021,aug,8,83,76.2,71,68,87,71.6,56,10,7.3,30.1,30.1,30,0
8/9/21,2021,aug,9,75,71.3,69,67,90,84.2,73,13,9.2,30.2,30.2,30.1,0
8/10/21,2021,aug,10,75,70.9,67,70,90,84.3,76,10,6.6,30.2,30.1,30.1,1.18
8/11/21,2021,aug,11,93,80.7,73,74,88,74.2,52,18,10.8,30,30,29.9,0
8/12/21,2021,aug,12,95,84.8,76,74,87,65.8,44,20,9.7,29.9,29.9,29.9,0
8/13/21,2021,aug,13,90,82.8,77,72,82,66.8,48,14,7.5,30,30,29.9,0
8/14/21,2021,aug,14,92,85.5,78,73,81,57.2,40,18,9.7,30.1,30,29.9,0
8/15/21,2021,aug,15,80,75,70,60,66,51.8,42,13,8.3,30.2,30.1,30.1,0.01
8/16/21,2021,aug,16,77,71.7,66,63,78,64.9,49,12,7.3,30.2,30.2,30.2,0
8/17/21,2021,aug,17,85,76.1,67,67,87,66,47,14,9,30.2,30.2,30.1,0
8/18/21,2021,aug,18,88,78.8,72,69,73,62.3,46,14,9.5,30.2,30.2,30.1,0
8/19/21,2021,aug,19,86,76.8,73,77,93,83.8,63,21,10.6,30.1,29.9,29.8,0
8/20/21,2021,aug,20,80,75.8,73,72,90,83.2,74,10,6.4,29.9,29.8,29.8,1.18
8/21/21,2021,aug,21,82,75.8,72,72,93,84.2,69,15,7,30,29.9,29.9,0.01
8/22/21,2021,aug,22,75,72.3,70,71,94,89.9,82,28,18.7,29.9,29.8,29.7,0.07
8/23/21,2021,aug,23,76,71.7,69,71,97,90.3,82,15,9.4,29.9,29.8,29.8,0.69
8/24/21,2021,aug,24,90,79.3,71,71,93,73.6,48,15,7.7,30,29.8,29.7,1.69
8/25/21,2021,aug,25,92,83.9,77,70,79,59,37,9,6,30.1,30,30,0
8/26/21,2021,aug,26,95,85.8,76,74,79,60.4,40,13,6.8,30.1,30,30,0
8/27/21,2021,aug,27,88,81.6,77,73,74,65.3,48,16,7.9,30.2,30.1,30,0
8/28/21,2021,aug,28,75,69.3,64,60,78,64.3,57,21,13,30.3,30.3,30.2,0
8/29/21,2021,aug,29,73,69.3,65,66,81,71.3,61,9,6.8,30.3,30.2,30,0.15
8/30/21,2021,aug,30,87,79.1,71,72,87,73.2,59,18,12.2,30,29.8,29.7,0
8/31/21,2021,aug,31,84,78.4,73,72,84,57,37,16,10.1,29.7,29.7,29.7,0.02
7/1/21,2021,jul,1,83,75.5,69,71,93,76.7,58,15,8.1,29.8,29.8,29.8,0.16
7/2/21,2021,jul,2,69,63.1,59,67,97,90,81,20,13.7,29.9,29.8,29.7,2.88
7/3/21,2021,jul,3,60,58.4,57,57,94,91.2,86,18,13.2,29.9,29.8,29.8,0.07
7/4/21,2021,jul,4,67,61.4,58,59,90,83.6,70,12,7.8,30,29.9,29.8,1.97
7/5/21,2021,jul,5,77,65.8,58,65,87,77.9,60,15,7.7,30.1,30,30,0.02
7/6/21,2021,jul,6,91,77.4,69,73,90,74.6,55,25,14.6,30,29.9,29.8,0.01
7/7/21,2021,jul,7,91,79.3,72,69,84,68.7,46,15,7.3,30,29.9,29.8,0.28
7/8/21,2021,jul,8,71,66.5,64,61,90,79.7,63,110,12.9,30.1,30,29.9,0.24
7/9/21,2021,jul,9,78,68.6,63,68,96,88.1,66,23,11.6,30,29.8,29.5,0.16
7/10/21,2021,jul,10,73,70.1,66,70,91,74.7,63,12,6.9,30,30,29.9,2.01
7/11/21,2021,jul,11,81,72.2,64,69,90,78.2,54,12,5.1,30.1,30.1,30.1,0
7/12/21,2021,jul,12,71,67.4,66,66,93,88.5,84,16,9.8,30.3,30.2,30.1,0.3
7/13/21,2021,jul,13,70,67.2,65,64,93,85.8,78,13,8.3,30.3,30.3,30.2,0.95
7/14/21,2021,jul,14,75,69.7,66,70,93,88.9,79,9,4.8,30.2,30.1,30.1,0
7/15/21,2021,jul,15,78,74.3,71,71,88,82.6,74,13,7.7,30.1,30,30,0
7/16/21,2021,jul,16,94,82.6,75,72,87,67.3,41,22,11.6,30,29.9,29.9,0
7/17/21,2021,jul,17,79,73.7,70,70,87,75.6,64,13,7.7,30.1,30.1,30,0.02
7/18/21,2021,jul,18,73,70.3,68,70,93,87.4,81,13,8.2,30,30,30,0.33
7/19/21,2021,jul,19,72,69.2,67,67,93,86.4,78,10,6.7,30,29.9,29.9,0.14
7/20/21,2021,jul,20,88,79.3,69,69,84,64.5,46,10,6.7,29.9,29.8,29.8,0
7/21/21,2021,jul,21,83,76.5,68,65,90,61.6,44,21,8.9,29.9,29.8,29.8,0
7/22/21,2021,jul,22,78,71.7,66,64,76,64.1,46,13,8.4,30,30,29.9,0
7/23/21,2021,jul,23,79,73.3,69,61,68,56.6,42,13,7.9,30.1,30.1,30,0
7/24/21,2021,jul,24,76,71.6,65,60,73,61.8,50,13,8.3,30.1,30.1,30,0
7/25/21,2021,jul,25,76,72,69,68,87,80.3,73,23,12.3,30,29.9,29.8,0.01
7/26/21,2021,jul,26,92,81.8,71,69,90,58.3,32,13,8.3,29.9,29.8,29.8,0.14
7/27/21,2021,jul,27,87,77,70,69,87,63.8,38,40,10.3,29.9,29.9,29.8,0
7/28/21,2021,jul,28,74,69.1,66,65,87,73.4,57,13,9.2,30,30,29.9,0.38
7/29/21,2021,jul,29,79,72.7,66,65,84,66.6,50,21,13.8,30,29.9,29.7,0
7/30/21,2021,jul,30,82,72.9,67,66,87,64,41,20,12.2,29.9,29.7,29.6,0.15
7/31/21,2021,jul,31,78,69.3,61,49,58,45.1,33,15,10.8,29.9,29.9,29.9,0
6/1/21,2021,jun,1,77,67.3,55,50,77,50.1,33,16,10,30.2,30.2,30.1,0.03
6/2/21,2021,jun,2,79,69.8,58,56,78,57.2,42,15,9.3,30.2,30.2,30.1,0
6/3/21,2021,jun,3,76,68.2,60,65,81,73.3,62,18,9.8,30.1,30,29.9,0
6/4/21,2021,jun,4,80,72.2,67,66,87,74.7,58,16,10.3,29.9,29.9,29.8,0
6/5/21,2021,jun,5,91,79.8,65,65,87,58,36,21,11.2,29.9,29.8,29.7,0.11
6/6/21,2021,jun,6,94,85,71,64,63,43.7,30,17,9.8,30,29.9,29.9,0
6/7/21,2021,jun,7,95,84.8,74,70,67,53.7,33,21,12.4,30,30,29.9,0
6/8/21,2021,jun,8,94,83.7,75,72,84,62,41,15,9.8,30,30,29.9,0
6/9/21,2021,jun,9,91,80.5,75,71,87,65.3,32,15,6.8,30,29.9,29.9,0.05
6/10/21,2021,jun,10,76,67.9,60,51,64,48.3,34,16,11,30.1,30,29.9,0
6/11/21,2021,jun,11,64,62.1,58,57,81,64.4,50,14,7.7,30.1,30,29.9,0
6/12/21,2021,jun,12,70,64.1,60,59,93,78.8,59,10,5.2,29.9,29.9,29.8,0.71
6/13/21,2021,jun,13,85,73.3,62,59,84,55.5,29,16,10,29.9,29.9,29.8,0
6/14/21,2021,jun,14,68,64.7,61,63,94,83.3,67,14,6.8,29.9,29.9,29.8,0
6/15/21,2021,jun,15,72,65.9,62,65,96,87,70,12,4.3,29.8,29.7,29.6,0.53
6/16/21,2021,jun,16,76,69.5,63,60,87,47.2,27,17,11.3,29.9,29.8,29.6,0.01
6/17/21,2021,jun,17,79,71.1,61,49,56,38.3,25,13,8.1,29.9,29.9,29.9,0
6/18/21,2021,jun,18,84,74.3,61,54,64,40.6,28,15,8.7,30,29.9,29.8,0
6/19/21,2021,jun,19,90,78.8,69,66,68,51.8,30,17,12.9,29.8,29.7,29.6,0
6/20/21,2021,jun,20,88,79.3,72,64,68,52.5,36,16,10.7,29.8,29.7,29.7,0
6/21/21,2021,jun,21,87,78.4,69,72,84,71.6,53,22,14.2,29.8,29.7,29.6,0
6/22/21,2021,jun,22,87,71.5,64,69,90,78.5,51,20,9.1,29.8,29.7,29.6,0
6/23/21,2021,jun,23,73,65.2,59,56,78,58.1,35,17,10.7,30.3,30.1,29.8,0.91
6/24/21,2021,jun,24,74,66,60,57,81,65.3,46,23,9.9,30.4,30.4,30.3,0
6/25/21,2021,jun,25,68,63.9,61,63,93,86.7,78,10,7.5,30.4,30.3,30.2,0.08
6/26/21,2021,jun,26,86,75,66,70,90,75.6,58,20,13.1,30.3,30.2,30.1,0.01
6/27/21,2021,jun,27,89,81.2,74,71,82,68.3,53,24,16.2,30.1,30.1,30.1,0
6/28/21,2021,jun,28,96,86.1,76,74,79,62.2,44,17,14.1,30.1,30.1,30.1,0
6/29/21,2021,jun,29,98,88.8,80,74,74,57.2,39,15,10.9,30.1,30.1,30,0
6/30/21,2021,jun,30,98,84.6,73,73,91,64.5,40,23,10.6,30,29.9,29.8,0
5/1/21,2021,may,1,65,53.8,44,43,89,49.2,21,25,14.7,29.8,29.7,29.5,0.14
5/2/21,2021,may,2,76,64,50,48,66,42.2,28,22,13.4,29.8,29.7,29.6,0.01
5/3/21,2021,may,3,63,57.7,51,47,80,58.6,41,15,9.4,29.9,29.9,29.8,0.01
5/4/21,2021,may,4,54,50,48,46,90,80.6,66,20,11.3,29.9,29.8,29.8,0.55
5/5/21,2021,may,5,50,49,48,46,90,86.2,80,12,7.8,29.9,29.7,29.6,0.45
5/6/21,2021,may,6,67,58,50,48,86,49.9,24,17,10.8,29.9,29.8,29.7,0.21
5/7/21,2021,may,7,55,52.1,48,44,71,56.6,38,18,10.1,30,29.9,29.9,0
5/8/21,2021,may,8,54,51,46,39,71,59.3,48,20,11.2,29.9,29.8,29.8,0
5/9/21,2021,may,9,69,59.4,50,42,66,45.2,25,22,12.8,29.9,29.9,29.8,0
5/10/21,2021,may,10,61,54.8,50,46,87,70.1,49,12,7.8,29.9,29.8,29.8,0.34
5/11/21,2021,may,11,65,58.7,53,44,62,36.1,20,22,14.8,30,29.9,29.9,0
5/12/21,2021,may,12,67,57.4,48,40,55,41.8,27,28,10.8,30.1,30,29.9,0
5/13/21,2021,may,13,70,60.8,52,43,55,40.5,22,10,7.3,30.2,30.1,30.1,0
5/14/21,2021,may,14,76,66.5,57,43,43,34.3,22,13,9.8,30.2,30.1,30.1,0
5/15/21,2021,may,15,74,67.5,62,46,45,37.6,29,17,9,30.2,30.2,30.1,0
5/16/21,2021,may,16,78,67.9,60,48,58,37.9,23,18,9.2,30.2,30.2,30.2,0
5/17/21,2021,may,17,74,63.8,56,51,67,54.8,34,16,6.9,30.3,30.2,30.2,0.01
5/18/21,2021,may,18,83,73.3,60,47,60,36.6,23,16,9.4,30.2,30.2,30.1,0
5/19/21,2021,may,19,72,67.7,61,47,56,42.3,32,16,10.3,30.4,30.3,30.1,0
5/20/21,2021,may,20,68,62.1,56,52,84,62.1,45,17,8.6,30.5,30.5,30.4,0
5/21/21,2021,may,21,81,68,56,53,75,53.3,36,14,10.5,30.5,30.4,30.3,0
5/22/21,2021,may,22,88,74.4,62,62,73,54.6,35,14,8.1,30.3,30.1,29.9,0
5/23/21,2021,may,23,89,77.5,64,63,60,50.2,38,21,12.3,30.1,29.9,29.7,0
5/24/21,2021,may,24,67,60.9,55,48,65,50.4,33,22,12.8,30.3,30.2,30.1,0
5/25/21,2021,may,25,79,65.9,53,52,66,50.9,34,22,15.9,30.3,30.1,30,0
5/26/21,2021,may,26,92,75.7,63,66,87,62.4,38,22,14.7,30,29.9,29.8,0
5/27/21,2021,may,27,82,73.2,65,65,84,54.9,33,18,12,30,29.9,29.8,0.29
5/28/21,2021,may,28,62,55.1,49,47,93,55.1,33,21,11.1,30.1,30.1,30.1,0
5/29/21,2021,may,29,51,49.3,47,45,93,79.9,71,24,19.8,30.2,30.1,30,2.02
5/30/21,2021,may,30,51,50.4,50,47,89,84.3,71,24,18.1,30.3,30.2,30.1,0.14
5/31/21,2021,may,31,62,56.3,51,52,89,77,62,16,9.1,30.1,30.1,30.1,0.84
4/1/21,2021,apr,1,58,47.3,36,55,100,77.2,48,23,14.1,29.9,29.7,29.6,1.1
4/2/21,2021,apr,2,40,34.1,29,20,54,43.3,35,23,13.3,30.2,30.1,29.9,0.02
4/3/21,2021,apr,3,49,40,31,28,60,37.4,17,20,8.6,30.3,30.2,30.1,0
4/4/21,2021,apr,4,61,49.5,36,22,44,26.8,15,21,10.7,30.2,30,29.8,0
4/5/21,2021,apr,5,57,52.1,47,25,38,29.8,24,22,16.7,29.8,29.8,29.7,0
4/6/21,2021,apr,6,61,51.3,47,38,61,48.9,31,15,8.1,29.9,29.9,29.8,0
4/7/21,2021,apr,7,58,51.8,46,43,74,63.8,49,14,6.9,30,30,29.9,0
4/8/21,2021,apr,8,56,52,46,43,86,69.7,60,17,9.4,30.1,30.1,30,0
4/9/21,2021,apr,9,59,51.8,44,45,86,70.6,53,20,9,30.2,30.1,30.1,0
4/10/21,2021,apr,10,75,61,48,52,80,62.1,43,16,9.8,30.1,29.9,29.7,0
4/11/21,2021,apr,11,60,48.3,45,51,90,80.8,72,20,14.1,29.8,29.8,29.7,0
4/12/21,2021,apr,12,51,47,43,45,89,78.5,71,23,15,29.9,29.9,29.8,0
4/13/21,2021,apr,13,57,50.1,43,41,80,62.2,51,18,10.2,30.1,30,29.9,0
4/14/21,2021,apr,14,51,48.7,46,40,76,68.3,61,16,9.6,30.1,30,29.9,0
4/15/21,2021,apr,15,50,47.2,43,40,89,71.8,59,20,12.7,29.9,29.8,29.7,0
4/16/21,2021,apr,16,45,40.9,35,43,100,88.3,82,30,18.9,29.7,29.5,29.3,0.85
4/17/21,2021,apr,17,50,44.1,39,36,86,70.5,50,18,11.8,29.8,29.7,29.6,1
4/18/21,2021,apr,18,61,52,44,42,77,55.6,36,16,8.1,29.8,29.8,29.7,0.05
4/19/21,2021,apr,19,61,55.5,48,44,74,58.5,46,18,7.5,29.8,29.8,29.8,0
4/20/21,2021,apr,20,75,63.2,51,44,68,44,24,22,11.7,29.9,29.8,29.8,0.01
4/21/21,2021,apr,21,70,55.2,40,52,81,67.4,42,25,14.5,29.9,29.6,29.5,0
4/22/21,2021,apr,22,46,40.6,35,25,60,41.2,31,26,20.2,29.8,29.6,29.5,0.24
4/23/21,2021,apr,23,60,50.3,39,26,49,34.7,23,26,17.1,29.8,29.8,29.7,0
4/24/21,2021,apr,24,73,62.3,51,33,41,29.5,18,16,12.3,29.9,29.9,29.8,0
4/25/21,2021,apr,25,57,53,50,47,86,64.9,40,14,8.1,29.8,29.7,29.6,0
4/26/21,2021,apr,26,57,51.1,47,42,71,40.5,26,25,15.1,30,29.8,29.7,0.11
4/27/21,2021,apr,27,69,56,45,38,42,30,21,17,11,30,29.9,29.9,0
4/28/21,2021,apr,28,60,52.8,49,47,86,72.3,35,13,7,29.9,29.9,29.8,0.21
4/29/21,2021,apr,29,50,49.1,48,47,93,88.4,83,10,6.2,29.8,29.7,29.4,0.01
4/30/21,2021,apr,30,65,55.5,48,50,90,65.3,41,29,16.7,29.4,29.3,29.2,0.92
3/1/21,2021,mar,1,44,38.1,26,41,100,87.3,28,26,11.1,30,29.6,29.4,0.15
3/2/21,2021,mar,2,28,21.4,13,1,44,30.9,22,32,22.7,30,29.9,29.7,0.05
3/3/21,2021,mar,3,48,35.4,0,24,49,38,0,17,11.6,29.9,29.8,29.7,0
3/4/21,2021,mar,4,42,36.3,27,24,67,43,26,25,14.8,29.8,29.7,29.6,0
3/5/21,2021,mar,5,35,28.6,24,6,46,29.6,16,23,17.7,29.8,29.7,29.6,0
3/6/21,2021,mar,6,36,28.4,22,9,49,37.8,29,18,12.8,30.1,30,29.9,0
3/7/21,2021,mar,7,38,30.4,22,9,49,37.1,28,13,9.9,30.3,30.2,30.1,0
3/8/21,2021,mar,8,38,32.4,25,22,61,45.1,31,13,9.4,30.4,30.3,30.3,0
3/9/21,2021,mar,9,60,47.3,36,25,51,35.8,23,17,11.3,30.4,30.3,30.1,0
3/10/21,2021,mar,10,48,41.8,36,34,77,58.6,50,16,8.7,30.6,30.5,30.4,0
3/11/21,2021,mar,11,74,53.8,37,42,86,57.7,21,22,13.4,30.4,30.1,29.9,0
3/12/21,2021,mar,12,65,57.8,47,39,59,29.2,14,28,14.4,30,29.9,29.9,0
3/13/21,2021,mar,13,49,40.8,32,12,37,26.4,17,26,17.3,30.1,30,29.9,0
3/14/21,2021,mar,14,48,37.5,25,28,76,40.6,26,35,18.6,30.1,29.9,29.8,0
3/15/21,2021,mar,15,29,22.9,17,0,41,28.6,18,25,19.3,30.3,30.2,30.1,0
3/16/21,2021,mar,16,36,28.5,20,18,50,33.7,25,14,9.7,30.3,30.3,30.2,0
3/17/21,2021,mar,17,51,41,32,31,65,49.7,27,15,9.8,30.2,30.1,30.1,0
3/18/21,2021,mar,18,49,43.8,38,41,87,76.7,64,25,10.6,30.1,29.9,29.9,0
3/19/21,2021,mar,19,43,37.6,32,34,79,33.1,20,23,16.4,30.4,30.1,29.9,0.66
3/20/21,2021,mar,20,60,45.8,32,26,55,27.1,17,13,7.8,30.5,30.4,30.4,0
3/21/21,2021,mar,21,58,47.3,37,31,65,41.8,26,13,5.8,30.6,30.5,30.5,0
3/22/21,2021,mar,22,56,46.8,35,37,77,58.7,34,17,8.4,30.4,30.4,30.3,0
3/23/21,2021,mar,23,55,47.9,38,44,86,72.5,63,15,6,30.3,30.3,30.2,0
3/24/21,2021,mar,24,53,47.6,40,44,89,79.3,71,14,5.7,30.3,30.2,30.1,0
3/25/21,2021,mar,25,61,51.5,46,54,90,85.2,75,12,5.1,30.1,30,29.9,0.14
3/26/21,2021,mar,26,69,60.5,54,59,93,76.8,44,29,16.2,29.9,29.7,29.4,0.02
3/27/21,2021,mar,27,57,49.6,43,38,80,58,37,25,14.4,30.2,30.1,29.8,0
3/28/21,2021,mar,28,59,48.4,43,56,93,84.7,76,21,14.1,30.2,29.8,29.4,0
3/29/21,2021,mar,29,53,48.7,43,44,83,39.8,19,35,19.2,30.2,29.8,29.4,0.69
3/30/21,2021,mar,30,59,47.7,37,36,66,45,25,21,11.3,30.4,30.3,30.3,0
3/31/21,2021,mar,31,68,56.5,45,54,90,71.6,49,24,13.8,30.3,30.1,29.8,0
2/1/21,2021,feb,1,35,30.9,23,34,100,84.1,68,36,22.3,30.3,30,29.7,0
2/2/21,2021,feb,2,34,31.7,30,34,100,89.2,0,30,19.4,29.7,29.4,29.3,0.87
2/3/21,2021,feb,3,34,31,28,30,96,82.3,72,14,10.5,29.6,29.4,29.3,0.02
2/4/21,2021,feb,4,37,32,28,27,93,74.3,59,14,9.1,29.8,29.7,29.6,0.01
2/5/21,2021,feb,5,40,34.3,26,37,96,85.6,78,15,6.6,29.8,29.7,29.6,0
2/6/21,2021,feb,6,42,35.4,31,31,96,53,32,22,12.7,30.2,29.9,29.7,0.01
2/7/21,2021,feb,7,37,29.7,27,31,100,86.3,42,16,10.6,30.2,29.9,29.8,0
2/8/21,2021,feb,8,28,23.7,19,23,81,53.3,37,22,11.8,30.4,30.2,29.9,0.44
2/9/21,2021,feb,9,27,24.8,22,24,96,82,48,12,6.6,30.4,30.2,30.1,0
2/10/21,2021,feb,10,30,24.8,20,21,88,62.9,43,14,9.5,30.3,30.2,30.2,0.17
2/11/21,2021,feb,11,29,24.4,19,12,63,51,41,15,8.9,30.3,30.2,30.2,0
2/12/21,2021,feb,12,27,19.9,11,3,54,40.7,33,16,10.1,30.3,30.3,30.3,0
2/13/21,2021,feb,13,29,23.6,17,20,75,53.6,35,15,9.4,30.4,30.3,30.2,0
2/14/21,2021,feb,14,33,29.5,27,25,79,68.1,59,12,6.1,30.3,30.2,30.2,0
2/15/21,2021,feb,15,31,29.5,27,30,100,85.4,66,14,9.7,30.3,30.2,30.1,0
2/16/21,2021,feb,16,40,35.3,32,40,100,96.8,56,23,10.6,30.1,29.7,29.5,0.24
2/17/21,2021,feb,17,30,26.6,23,15,58,44.5,35,24,13,30.5,30.2,29.9,0.42
2/18/21,2021,feb,18,31,27.8,24,26,92,69.2,41,16,9.7,30.5,30.4,30.3,0
2/19/21,2021,feb,19,30,27.2,25,28,96,91.3,72,17,10.9,30.3,30.1,30,0.12
2/20/21,2021,feb,20,31,27,23,23,92,68.8,49,16,11.2,30.2,30,29.9,0.4
2/21/21,2021,feb,21,33,26.3,20,12,65,50.8,37,21,9.5,30.4,30.4,30.2,0
2/22/21,2021,feb,22,40,32.7,21,38,100,78.2,55,22,11.7,30.4,29.9,29.6,0
2/23/21,2021,feb,23,43,37.6,34,31,85,72,51,17,13,29.7,29.6,29.5,0.16
2/24/21,2021,feb,24,49,43.5,38,36,70,55.8,41,21,13.5,30,29.8,29.6,0
2/25/21,2021,feb,25,46,41.3,33,37,74,45,28,24,17.1,30.2,29.9,29.6,0
2/26/21,2021,feb,26,39,32.6,29,26,79,52.2,34,14,9.2,30.5,30.4,30.2,0
2/27/21,2021,feb,27,47,39,30,47,100,90.5,76,14,9.9,30.5,30.1,29.9,0
2/28/21,2021,feb,28,43,38.6,36,36,96,75,56,13,7,30.3,30.2,30,0.17
1/1/21,2021,jan,1,36,33.9,29,34,93,67.7,52,13,6.6,30.5,30.4,30.1,0
1/2/21,2021,jan,2,42,38.9,32,42,100,90.1,67,24,14.4,30.1,29.9,29.6,0.39
1/3/21,2021,jan,3,36,32.7,30,32,92,83.6,72,15,9.7,30.2,30.1,30,0.12
1/4/21,2021,jan,4,39,33.6,31,31,89,79.8,70,15,11.7,30,29.9,29.9,0.03
1/5/21,2021,jan,5,33,31.4,30,29,89,84.2,78,14,11,29.9,29.9,29.9,0
1/6/21,2021,jan,6,38,33,31,26,82,67.8,53,17,13.1,29.9,29.9,29.8,0.01
1/7/21,2021,jan,7,41,34,29,19,61,51.3,41,18,13.8,30,30,29.9,0
1/8/21,2021,jan,8,41,31.3,26,17,69,51.4,26,15,10.8,30,29.9,29.8,0
1/9/21,2021,jan,9,36,30,24,19,59,53.6,46,16,11.5,29.9,29.8,29.8,0
1/10/21,2021,jan,10,41,33.4,27,18,66,49.9,36,16,9.2,30.3,30.1,29.9,0
1/11/21,2021,jan,11,35,31.4,26,21,72,57,46,10,5.8,30.3,30.2,30.1,0
1/12/21,2021,jan,12,42,34,28,23,75,58.8,43,12,7.4,30.1,30.1,30,0
1/13/21,2021,jan,13,40,35.4,31,28,73,61.7,53,12,7,30,30,29.9,0
1/14/21,2021,jan,14,38,35,32,35,97,86.7,68,9,5.3,29.9,29.9,29.8,0
1/15/21,2021,jan,15,40,37,33,36,96,83.8,68,13,7.9,30.1,30,29.9,0.1
1/16/21,2021,jan,16,51,43,37,50,100,87.9,73,36,18.3,29.9,29.5,29.2,0.31
1/17/21,2021,jan,17,43,38.9,34,28,70,57.3,47,25,18.6,29.6,29.4,29.2,0.72
1/18/21,2021,jan,18,45,38.5,31,27,65,56.2,43,24,14.6,29.8,29.6,29.6,0
1/19/21,2021,jan,19,40,33.4,27,26,70,55.5,41,15,10.9,30,29.9,29.8,0
1/20/21,2021,jan,20,37,32.3,25,23,69,55.2,39,17,10.9,29.9,29.9,29.8,0
1/21/21,2021,jan,21,31,27,21,23,75,61.7,45,16,8.1,29.9,29.7,29.6,0
1/22/21,2021,jan,22,42,36.2,31,27,72,61,47,15,9.7,29.8,29.6,29.6,0
1/23/21,2021,jan,23,33,26.4,17,23,72,50.2,36,24,17,30,29.9,29.8,0
1/24/21,2021,jan,24,31,23.1,17,4,50,39.5,27,26,20.9,30,29.9,29.9,0
1/25/21,2021,jan,25,36,26.7,20,12,58,43,25,21,13,30.1,30,30,0
1/26/21,2021,jan,26,34,28.8,22,27,93,79,54,12,7.9,30.1,30,29.9,0
1/27/21,2021,jan,27,35,31,28,30,96,88.3,78,13,8.7,30,29.9,29.9,0.26
1/28/21,2021,jan,28,32,28.6,16,29,93,80.7,47,24,13,30,30,29.9,0.06
1/29/21,2021,jan,29,17,12.8,7,1,56,51,47,25,20.7,30.1,29.9,29.9,0.02
1/30/21,2021,jan,30,20,13.5,8,0,61,52.2,40,16,13.3,30.3,30.2,30.1,0
1/31/21,2021,jan,31,23,16.1,7,15,75,62,43,13,6,30.4,30.3,30.3,0
1/1/22,2022,jan,1,52,47.3,44,51,100,98.8,96,7,3,29.9,29.8,29.6,0
1/2/22,2022,jan,2,46,43.3,33,45,100,92,66,17,8.4,29.9,29.6,29.5,0.3
1/3/22,2022,jan,3,32,26.3,21,22,66,51.8,44,18,14,30.2,30.1,30,0.01
1/4/22,2022,jan,4,31,24.3,17,18,66,44.2,34,15,10,30.4,30.3,30.2,0
1/5/22,2022,jan,5,51,43.5,27,49,93,86.4,66,20,11.7,30.2,29.9,29.6,0
1/6/22,2022,jan,6,42,37.2,33,39,89,61.7,46,17,10.9,29.9,29.8,29.6,0.12
1/7/22,2022,jan,7,33,29.6,23,28,96,79.3,54,20,13.3,30,29.8,29.6,0.35
1/8/22,2022,jan,8,28,22.5,17,11,63,52.3,36,17,10.9,30.6,30.4,30.1,0.13
1/9/22,2022,jan,9,43,36.3,23,36,86,71.6,53,30,16.4,30.5,30.1,29.8,0
1/10/22,2022,jan,10,39,28.8,22,25,58,43.4,33,26,16.8,30.1,30,29.8,0.01
1/11/22,2022,jan,11,21,13,8,11,81,48.3,31,22,13.3,30.5,30.4,30.1,0
1/12/22,2022,jan,12,42,28.8,10,21,71,51.5,38,23,13.1,30.4,30.1,30,0
1/13/22,2022,jan,13,46,36.5,29,35,89,69.9,54,12,4.3,30.1,30,29.9,0
1/14/22,2022,jan,14,41,35.1,19,33,89,69.6,38,26,16.3,29.9,29.8,29.7,0
1/15/22,2022,jan,15,15,9.2,4,-9,46,35.4,23,23,16.8,30.3,30.2,29.9,0
1/16/22,2022,jan,16,35,17.8,6,26,70,49.6,34,22,8.7,30.4,30.3,30,0
1/17/22,2022,jan,17,49,40.6,35,44,97,82.2,58,40,23.9,30,29.3,29,0.47
1/18/22,2022,jan,18,34,27.9,21,20,59,45.1,33,24,18.4,30.1,29.7,29.2,0.26
1/19/22,2022,jan,19,46,34.4,21,31,73,56.5,46,25,13.9,30.2,30,29.9,0
1/20/22,2022,jan,20,39,33.6,19,34,89,67.5,37,20,10.8,30.4,30.1,29.9,0.09
1/21/22,2022,jan,21,22,16,10,4,54,46.5,39,18,11,30.6,30.5,30.4,0.06
1/22/22,2022,jan,22,26,19,14,15,78,60.6,45,15,9.5,30.5,30.3,30,0
1/23/22,2022,jan,23,35,27.7,20,24,85,58.5,35,14,9.8,30,29.8,29.7,0
1/24/22,2022,jan,24,30,27.4,23,26,92,67.9,41,12,7.4,29.9,29.9,29.8,0.01
1/25/22,2022,jan,25,40,32.6,28,31,96,74.4,42,14,8.6,30.1,29.9,29.8,0.06
1/26/22,2022,jan,26,27,20.9,12,10,51,39.7,32,17,12.3,30.4,30.3,30.1,0
1/27/22,2022,jan,27,26,18.6,9,16,66,43.6,26,14,8.8,30.5,30.4,30.2,0
1/28/22,2022,jan,28,35,30.7,26,26,89,60.3,44,13,7.8,30.2,30.1,30,0
1/29/22,2022,jan,29,29,19.9,12,27,93,85.6,54,33,22.2,30,29.6,29.3,0.08
1/30/22,2022,jan,30,23,16.7,10,0,56,39.2,29,21,14.3,30.1,29.8,29.5,0.38
1/31/22,2022,jan,31,30,21.9,14,10,58,45.9,36,9,5.5,30.5,30.3,30.2,0
2/1/22,2022,feb,1,35,29.1,18,29,82,69.4,55,15,9.3,30.6,30.6,30.5,0
2/2/22,2022,feb,2,40,35.7,31,38,100,88,75,9,2.1,30.5,30.4,30.3,0
2/3/22,2022,feb,3,47,40.6,36,44,100,97.7,86,12,6.5,30.3,30.2,30,0
2/4/22,2022,feb,4,40,28.6,22,39,100,89.2,81,20,12.9,30,29.9,29.9,0.74
2/5/22,2022,feb,5,24,21.1,15,18,85,66.6,44,22,12.9,30.5,30.1,29.9,1.35
2/6/22,2022,feb,6,26,19.4,10,17,75,61.2,47,14,7.2,30.7,30.6,30.5,0
2/7/22,2022,feb,7,41,34.3,22,40,100,90.7,75,10,4.8,30.5,30.2,30,0
2/8/22,2022,feb,8,41,38.2,35,39,100,86.5,57,18,10.4,30,29.8,29.7,0.88
2/9/22,2022,feb,9,43,35.1,30,27,78,57.7,42,18,9.9,30.1,30,29.9,0.02
2/10/22,2022,feb,10,50,39.6,31,39,100,74.5,39,23,9.2,29.9,29.8,29.7,0
2/11/22,2022,feb,11,52,41.5,31,36,79,60.2,37,18,10,30,29.9,29.9,0
2/12/22,2022,feb,12,60,49.2,39,38,76,51.7,34,24,14.5,30.1,29.9,29.8,0
2/13/22,2022,feb,13,38,28.4,25,27,89,80,43,14,10.4,30.2,30.1,29.9,0.04
2/14/22,2022,feb,14,25,19.6,14,21,85,60.1,37,21,14.1,30.3,30,29.9,0.18
2/15/22,2022,feb,15,27,19.6,11,7,50,39.7,32,17,11.1,30.7,30.5,30.3,0.01
2/16/22,2022,feb,16,46,33.2,17,42,86,67.5,53,23,13.8,30.8,30.6,30.3,0
2/17/22,2022,feb,17,61,53.3,44,54,93,74.5,56,24,17.1,30.3,30,29.6,0
2/18/22,2022,feb,18,62,47.5,25,57,93,68.5,41,32,22.3,30,29.5,29.2,0.22
2/19/22,2022,feb,19,38,28.8,21,26,80,57.5,39,31,16.3,30.1,29.9,29.8,0.12
2/20/22,2022,feb,20,33,25.4,17,21,67,41.5,24,25,15.8,30.4,30.3,30.1,0
2/21/22,2022,feb,21,52,40.5,32,34,73,53.7,32,22,10.3,30.4,30.3,30.2,0
2/22/22,2022,feb,22,55,41.4,32,52,100,92.1,79,26,7.9,30.4,30.3,29.9,0
2/23/22,2022,feb,23,67,53.5,33,54,96,66.1,40,28,17.6,30.2,29.9,29.7,0.35
2/24/22,2022,feb,24,31,26.7,22,13,47,40.3,30,20,9.4,30.5,30.4,30.2,0
2/25/22,2022,feb,25,33,26.3,18,32,100,84.3,51,23,14.6,30.4,30.1,29.9,0.17
2/26/22,2022,feb,26,30,23.3,15,14,77,58.1,40,12,7.6,30.4,30.3,30.1,0.53
2/27/22,2022,feb,27,40,31.2,22,23,75,49.9,35,24,15.8,30.1,29.9,29.7,0
2/28/22,2022,feb,28,28,23.1,18,5,52,35.9,24,17,12,30.3,30.2,30,0
3/1/22,2022,mar,1,37,30.5,19,36,96,62.3,40,20,10.2,30.3,30.1,29.9,0
3/2/22,2022,mar,2,42,39,34,37,93,58.7,40,15,10.9,30,29.9,29.8,0.09
3/3/22,2022,mar,3,38,33.1,21,34,93,56.6,32,23,15.5,30.4,29.9,29.7,0.16
3/4/22,2022,mar,4,34,26,17,7,45,38,28,15,9.9,30.5,30.4,30.3,0
3/5/22,2022,mar,5,41,34.3,26,28,70,44.8,31,13,9.3,30.5,30.4,30.3,0
3/6/22,2022,mar,6,64,48.7,37,54,100,81.7,60,28,13.1,30.3,29.9,29.7,0
3/7/22,2022,mar,7,62,55.1,51,54,93,68,47,30,13.7,29.9,29.6,29.3,0.01
3/8/22,2022,mar,8,44,40.4,37,29,58,40.5,28,28,16.3,30.2,29.9,29.5,0.31
3/9/22,2022,mar,9,40,34.3,32,32,96,72.9,41,10,6,30.2,30,29.9,0
3/10/22,2022,mar,10,50,39.6,30,33,88,69,38,13,7.7,30.1,30.1,30,0.26
3/11/22,2022,mar,11,50,41.3,32,37,89,68.3,42,16,8.5,30.1,30,29.9,0
3/12/22,2022,mar,12,45,36.9,24,44,100,86.2,57,31,14,29.8,29.3,29,0.01
3/13/22,2022,mar,13,24,23.5,23,10,55,55,55,29,27,29.5,29.5,29.4,0
3/14/22,2022,mar,14,52,40.8,29,30,60,43.2,28,16,11.5,30.3,30.3,30.2,0
3/15/22,2022,mar,15,57,46.9,42,40,89,62,37,16,10.8,30.2,30.2,30.1,0
3/16/22,2022,mar,16,49,42.6,39,40,93,82,64,16,7.7,30.2,30.2,30.1,0.02
3/17/22,2022,mar,17,48,44,38,46,100,94.2,79,9,5.3,30.2,30.1,29.9,0
3/18/22,2022,mar,18,67,53.2,47,51,100,85,51,14,5.3,30,29.9,29.8,0.03
3/19/22,2022,mar,19,54,47.4,44,50,100,93.1,69,12,6.9,30,29.9,29.7,0
3/20/22,2022,mar,20,61,50.4,43,50,97,78.9,44,18,8.1,29.7,29.7,29.6,0.2
3/21/22,2022,mar,21,58,49.7,43,32,60,38.6,22,23,17,29.9,29.9,29.8,0
3/22/22,2022,mar,22,51,43.6,37,22,48,32,18,25,16.1,30.2,30,30,0
3/23/22,2022,mar,23,43,39.1,33,28,60,48.9,38,13,8.8,30.3,30.2,30.2,0
3/24/22,2022,mar,24,43,41,39,43,100,91.8,60,23,17.1,30.3,30.1,29.7,0.28
3/25/22,2022,mar,25,59,46.3,39,42,97,75.9,42,17,10.8,29.7,29.6,29.4,0.72
3/26/22,2022,mar,26,54,47.8,43,40,80,64.7,41,18,9.9,29.5,29.4,29.3,0
3/27/22,2022,mar,27,49,43,34,37,80,54.4,38,22,15.4,29.6,29.5,29.4,0.33
3/28/22,2022,mar,28,32,27.4,22,21,85,49.6,29,21,16.6,29.9,29.7,29.6,0.01
3/29/22,2022,mar,29,37,29.1,19,8,52,38.4,29,22,17.8,30.1,30,29.9,0
3/30/22,2022,mar,30,49,39.3,30,18,38,30.5,21,20,13.1,30.1,30.1,30,0
3/31/22,2022,mar,31,65,52.9,40,57,90,71.3,34,32,15.1,30,29.7,29.4,0
4/1/22,2022,apr,1,60,54.3,41,57,97,75.6,41,30,13.7,29.7,29.5,29.4,0.48
4/2/22,2022,apr,2,53,45.5,39,25,55,35.4,19,23,15.2,30,29.9,29.7,0.07
4/3/22,2022,apr,3,47,42.5,36,39,89,69.3,47,15,9,29.9,29.8,29.7,0
4/4/22,2022,apr,4,57,46.2,38,35,86,53.6,22,18,13,29.9,29.8,29.7,0.01
4/5/22,2022,apr,5,58,49.9,44,38,66,42.4,27,18,9.2,30.1,30,29.9,0
4/6/22,2022,apr,6,47,44.9,43,44,97,85.9,58,18,12,30,29.9,29.9,0
4/7/22,2022,apr,7,48,44.4,40,41,89,80.1,71,25,13.4,30,29.9,29.8,0.11
4/8/22,2022,apr,8,62,52.4,44,55,100,79.5,39,28,13.8,29.8,29.6,29.5,0.15
4/9/22,2022,apr,9,59,49.3,43,45,89,73.9,55,22,10.4,29.7,29.6,29.5,0.01
4/10/22,2022,apr,10,56,47.4,41,36,76,56.7,33,20,13.4,29.8,29.6,29.6,0.11
4/11/22,2022,apr,11,63,51.1,40,34,58,43.6,26,17,12.1,30,29.9,29.8,0
4/12/22,2022,apr,12,69,57.7,50,47,80,53,34,17,10,30,29.9,29.9,0
4/13/22,2022,apr,13,71,59.4,48,52,72,46,24,20,9,30.1,30,29.8,0.03
4/14/22,2022,apr,14,50,47.7,46,45,93,85.4,71,13,9.3,29.9,29.9,29.8,0
4/15/22,2022,apr,15,66,57,47,44,90,44.5,16,20,12.6,30.1,30,29.9,0.23
4/16/22,2022,apr,16,71,56.1,45,47,90,54.6,30,25,15.6,30,29.9,29.7,0
4/17/22,2022,apr,17,48,45.2,42,41,86,56.5,29,22,12.6,30.2,30,29.8,0.39
4/18/22,2022,apr,18,49,45.2,39,39,80,59.1,42,20,13.7,30.4,30.3,30.1,0
4/19/22,2022,apr,19,58,48.9,43,53,97,77.8,54,37,22.8,30.1,29.6,29.4,0.56
4/20/22,2022,apr,20,57,48.6,42,28,58,41.5,25,23,14.5,30.5,30.2,29.9,0
4/21/22,2022,apr,21,61,50.7,42,43,76,59.2,30,25,15,30.6,30.4,30.3,0
4/22/22,2022,apr,22,65,56.9,49,43,71,43.2,26,21,14.3,30.4,30.3,30.2,0
4/23/22,2022,apr,23,57,51.2,46,43,77,46.7,30,14,8.2,30.4,30.3,30.2,0
4/24/22,2022,apr,24,54,46.4,44,30,55,45,26,17,10.4,30.3,30.3,30.2,0
4/25/22,2022,apr,25,52,48.6,47,40,77,59.3,44,17,10.3,30.3,30.3,30.2,0
4/26/22,2022,apr,26,54,50.4,46,51,100,88.1,71,10,7.5,30.2,30,29.9,0
4/27/22,2022,apr,27,57,51.6,43,51,100,67.5,37,22,13.4,29.9,29.8,29.7,0.32
4/28/22,2022,apr,28,52,45.8,39,28,56,38.8,26,25,18.8,29.9,29.8,29.8,0
4/29/22,2022,apr,29,55,47.4,40,22,39,29.8,25,21,14.7,30,29.9,29.9,0
4/30/22,2022,apr,30,52,47.3,42,40,79,51,38,16,9.5,30.1,30.1,30,0
5/1/22,2022,may,1,61,53.8,46,41,63,49,36,22,10.1,30.1,30.1,30,0
5/2/22,2022,may,2,56,49.1,45,45,96,79.9,48,16,9.2,30.1,30.1,30.1,0
5/3/22,2022,may,3,52,48.3,46,46,96,84.8,69,14,11.1,30.2,30.2,30.1,0.25
5/4/22,2022,may,4,54,50.1,47,51,100,92,80,13,6.5,30.1,30,29.9,0
5/5/22,2022,may,5,69,58.5,50,49,93,55,21,12,7.6,30.1,30,29.9,0
5/6/22,2022,may,6,60,55.5,51,48,83,52.3,25,13,7,30,29.9,29.9,0
5/7/22,2022,may,7,54,48.9,46,48,86,66.9,43,30,20,30.1,30,29.9,0
5/8/22,2022,may,8,53,47.7,43,38,76,59,35,25,17,30.2,30.2,30.1,0
5/9/22,2022,may,9,56,49.4,42,35,76,50.7,25,25,17.1,30.4,30.3,30.2,0
5/10/22,2022,may,10,57,51.7,46,36,61,48,30,22,15.8,30.5,30.4,30.4,0
5/11/22,2022,may,11,57,51.1,46,50,97,76.5,55,22,11.6,30.4,30.3,30.3,0
5/12/22,2022,may,12,59,54.3,51,55,100,93.3,81,14,7.2,30.4,30.3,30.3,0
5/13/22,2022,may,13,79,59.4,51,64,100,89.8,56,18,6.5,30.3,30.3,30.1,0
5/14/22,2022,may,14,86,73.5,65,64,97,70.5,40,21,10.6,30.1,30,29.9,0
5/15/22,2022,may,15,77,68.3,64,65,100,82.5,56,15,8.1,29.9,29.8,29.7,0.01
5/16/22,2022,may,16,79,65.8,59,63,96,81.6,58,23,11.6,29.8,29.6,29.5,0
5/17/22,2022,may,17,73,64.7,58,61,93,52.7,28,25,19.1,29.8,29.6,29.5,0.09
5/18/22,2022,may,18,72,62,54,42,64,38.7,15,20,10.7,29.9,29.8,29.8,0
5/19/22,2022,may,19,62,56.8,53,53,97,73.9,35,13,6.9,29.9,29.8,29.7,0
5/20/22,2022,may,20,65,56.2,52,57,100,88.9,75,16,8.6,30,29.9,29.8,0.01
5/21/22,2022,may,21,70,60.5,54,62,100,91.2,75,12,6.8,30,30,29.9,0.02
5/22/22,2022,may,22,88,72.4,57,71,96,72.2,49,23,10.6,30,29.9,29.8,0
5/23/22,2022,may,23,72,63.9,59,65,84,57.1,37,17,10.3,30.2,30.1,29.9,0.09
5/24/22,2022,may,24,61,56,53,48,77,63.7,51,20,10.9,30.4,30.3,30.3,0
5/25/22,2022,may,25,69,58.8,51,49,77,59.2,45,20,11,30.4,30.4,30.3,0
5/26/22,2022,may,26,71,61.4,51,55,83,57,31,20,12.3,30.4,30.2,30.1,0
5/27/22,2022,may,27,81,69.5,60,66,93,79.4,56,22,14.4,30.1,29.9,29.8,0
5/28/22,2022,may,28,74,67.8,65,66,97,86.3,60,21,10.9,29.8,29.7,29.6,0.5
5/29/22,2022,may,29,72,66.4,60,55,75,59.2,43,16,9.6,30.1,30,29.9,0.23
5/30/22,2022,may,30,87,75.4,60,62,83,53.8,32,16,9.7,30.1,30,29.9,0
5/31/22,2022,may,31,81,63.4,55,62,86,72.5,52,25,11.8,30,29.9,29.9,0
6/1/22,2022,jun,1,60,56.5,55,54,96,83.7,67,14,8.3,30,29.9,29.8,0
6/2/22,2022,jun,2,63,57.7,55,56,97,85.8,69,13,8,29.8,29.8,29.7,0.19
6/3/22,2022,jun,3,61,56.5,53,57,100,92.2,81,12,7.4,29.9,29.8,29.8,0
6/4/22,2022,jun,4,70,61,54,58,100,80.9,48,21,8.9,29.9,29.8,29.8,0.01
6/5/22,2022,jun,5,76,66.2,56,51,64,40.2,23,16,10.6,30,29.9,29.9,0
6/6/22,2022,jun,6,73,67.2,59,53,64,49.3,33,16,8.3,30,30,30,0
6/7/22,2022,jun,7,80,70.4,61,58,73,52.2,28,22,13.7,30.1,30,30,0
6/8/22,2022,jun,8,81,70.5,63,67,97,71.9,38,18,11.9,30,29.8,29.8,0.23
6/9/22,2022,jun,9,82,68.5,61,68,100,78.3,45,22,11.4,29.8,29.6,29.4,0.46
6/10/22,2022,jun,10,77,70,60,52,75,49.2,33,20,11.7,29.9,29.8,29.7,0.39
6/11/22,2022,jun,11,79,70.7,65,53,57,44.8,29,15,8.8,29.9,29.9,29.9,0
6/12/22,2022,jun,12,76,69.1,61,62,87,66.3,48,18,9.9,30,29.9,29.9,0
6/13/22,2022,jun,13,84,72.4,66,67,97,70.7,24,16,7.7,29.9,29.9,29.8,0.09
6/14/22,2022,jun,14,80,73.1,64,54,59,46,34,15,10.2,29.9,29.9,29.8,0
6/15/22,2022,jun,15,70,65.3,61,59,84,70.6,49,15,9,30.2,30.1,29.9,0
6/16/22,2022,jun,16,73,66.1,58,58,87,66.8,44,20,12.3,30.2,30.1,29.9,0
6/17/22,2022,jun,17,84,75.1,67,67,81,59.6,31,18,14.3,29.9,29.6,29.5,0
6/18/22,2022,jun,18,73,65.7,56,51,64,49,40,21,16.5,29.7,29.6,29.5,0
6/19/22,2022,jun,19,61,55.9,51,49,89,67.4,44,18,11.4,30,29.8,29.7,0.28
6/20/22,2022,jun,20,78,63.3,52,50,89,55.9,23,17,9.2,30.1,30,29.9,0.03
6/21/22,2022,jun,21,70,63.1,54,57,87,70.3,52,20,9.6,30.2,30.1,30.1,0
6/22/22,2022,jun,22,67,61.3,57,58,96,83.8,68,21,11.2,30.1,30.1,30.1,0
6/23/22,2022,jun,23,70,61.4,57,60,100,89.9,65,21,8.2,30.1,30,29.9,0
6/24/22,2022,jun,24,78,68.3,59,64,96,71.5,55,16,7,30,30,29.9,0
6/25/22,2022,jun,25,84,75.4,68,64,87,58.3,38,13,7.6,30.1,30.1,30,0
6/26/22,2022,jun,26,90,77.7,68,65,84,61.6,39,22,10.8,30.1,30,30,0
6/27/22,2022,jun,27,76,72,69,70,96,82.9,59,21,13,30,29.9,29.9,0
6/28/22,2022,jun,28,76,69.4,62,60,81,60.7,43,14,9.3,30.1,30.1,30,0.65
6/29/22,2022,jun,29,82,71.8,63,61,90,63.1,34,16,7.7,30.2,30.2,30.1,0
6/30/22,2022,jun,30,81,72.4,67,60,76,52.8,28,16,10,30.2,30.1,30.1,0
7/1/22,2022,jul,1,91,79.1,67,70,79,60.1,32,23,12.8,30.1,30,29.9,0
7/2/22,2022,jul,2,86,76.3,71,70,93,75,48,17,12.3,29.9,29.9,29.8,0.17
7/3/22,2022,jul,3,85,77.6,71,65,76,43.6,18,15,8.5,30,29.9,29.9,0.02
7/4/22,2022,jul,4,84,76.5,67,51,57,38.8,26,15,8.1,30.1,30.1,30,0
7/5/22,2022,jul,5,78,71.6,67,65,87,63.2,45,18,9,30.1,30,29.8,0
7/6/22,2022,jul,6,84,74.8,67,69,93,67,37,21,13.7,30,29.8,29.7,0.05
7/7/22,2022,jul,7,78,70.8,65,60,78,61.7,46,16,9.3,30,30,30,0
7/8/22,2022,jul,8,85,74.7,62,66,93,63,38,16,10.6,30,29.9,29.9,0
7/9/22,2022,jul,9,76,70.8,65,66,81,57.5,44,16,9.8,30.1,30,29.9,0
7/10/22,2022,jul,10,75,69.3,62,59,76,48.5,32,14,10.8,30.1,30,30,0
7/11/22,2022,jul,11,87,74.1,64,59,80,58,33,21,14.2,30,29.9,29.8,0
7/12/22,2022,jul,12,88,77.2,67,68,81,62,37,24,16.9,29.8,29.7,29.6,0
7/13/22,2022,jul,13,86,75.5,68,67,87,65.4,40,14,9.1,29.9,29.8,29.7,0.01
7/14/22,2022,jul,14,76,72.3,66,66,93,76.6,64,16,7.6,30,29.9,29.9,0.16
7/15/22,2022,jul,15,79,73.2,67,60,70,53.2,32,17,10.3,30.1,30.1,30,0
7/16/22,2022,jul,16,85,75.5,65,66,84,58.4,34,13,9.3,30.1,30.1,30,0
7/17/22,2022,jul,17,86,76.2,67,67,97,70.2,48,18,9.8,30,30,29.9,0
7/18/22,2022,jul,18,81,75.2,69,75,100,87.3,69,18,11,30,29.9,29.7,0
7/19/22,2022,jul,19,92,82.3,74,72,93,61.5,37,21,14.5,29.7,29.6,29.6,0.17
7/20/22,2022,jul,20,91,83.6,77,71,76,59.7,48,16,9.4,29.7,29.7,29.7,0
7/21/22,2022,jul,21,94,82.5,72,74,87,70.1,47,24,12.9,29.7,29.6,29.6,0
7/22/22,2022,jul,22,93,84.7,75,70,73,48.5,27,14,9.6,29.9,29.8,29.7,0
7/23/22,2022,jul,23,93,84.3,77,66,69,49.8,27,13,8.5,30,29.9,29.9,0
7/24/22,2022,jul,24,99,86.8,73,70,73,49.4,24,23,13.3,30,29.9,29.8,0
7/25/22,2022,jul,25,89,83.6,78,74,84,65.2,52,21,13.7,29.9,29.8,29.8,0
7/26/22,2022,jul,26,83,76.8,72,56,51,45,33,13,9.6,29.9,29.9,29.9,0
7/27/22,2022,jul,27,82,72.4,66,61,81,57.5,34,16,8.3,29.9,29.9,29.9,0
7/28/22,2022,jul,28,87,77.6,67,74,94,71.3,55,18,10.3,29.9,29.8,29.7,0
7/29/22,2022,jul,29,91,82.7,74,72,91,53.5,25,16,10.7,29.9,29.8,29.8,0.04
7/30/22,2022,jul,30,87,80.5,73,66,79,44.1,30,18,10.9,30.1,29.9,29.8,0
7/31/22,2022,jul,31,84,77.3,70,62,64,50.7,37,22,9,30.1,30.1,30,0
8/1/22,2022,aug,1,83,75.6,69,67,90,67.2,46,17,9.8,30,29.9,29.8,0.01
8/2/22,2022,aug,2,92,80.1,69,70,90,65.5,39,17,10.3,29.8,29.8,29.7,0
8/3/22,2022,aug,3,80,75.8,69,67,90,65.5,54,17,11.1,30,29.9,29.8,0
8/4/22,2022,aug,4,97,83.1,70,70,84,59.4,31,20,10.5,30,30,29.9,0
8/5/22,2022,aug,5,91,80.9,73,72,90,69.4,45,18,7.4,30.1,30.1,30,0
8/6/22,2022,aug,6,95,83.4,74,73,91,66.5,43,17,9.3,30.2,30.1,30.1,0.08
8/7/22,2022,aug,7,98,85.1,77,74,84,65.4,36,21,15.2,30.1,30,30,0
8/8/22,2022,aug,8,97,86.1,78,72,81,62.2,39,23,14.8,30,29.9,29.8,0.05
8/9/22,2022,aug,9,97,82.5,67,77,93,71.7,40,22,12.2,30,29.9,29.8,0
8/10/22,2022,aug,10,72,67.6,66,65,93,85.1,71,13,9.1,30.1,30,30,0.14
8/11/22,2022,aug,11,76,70.6,66,68,96,86.2,73,13,7.3,30,29.9,29.8,0
8/12/22,2022,aug,12,79,72.2,68,68,87,60.6,40,14,10.2,30,29.9,29.9,0
8/13/22,2022,aug,13,73,67.6,63,59,78,61.8,48,13,7.5,30.1,30,30,0
8/14/22,2022,aug,14,79,71.4,63,58,72,56.3,39,17,9.5,30,30,30,0
8/15/22,2022,aug,15,75,70,63,62,84,66.4,51,15,7.5,30,30,30,0
8/16/22,2022,aug,16,76,70.7,64,63,87,71.3,52,15,9.5,30,30,30,0
8/17/22,2022,aug,17,78,70.5,66,61,84,62,45,18,12,30,29.9,29.8,0.01
8/18/22,2022,aug,18,83,74,67,56,68,49.7,29,21,15.3,29.9,29.8,29.8,0
8/19/22,2022,aug,19,92,81,69,58,63,40.8,20,14,10.3,30.1,30,29.9,0
8/20/22,2022,aug,20,87,78.4,70,67,73,57.9,43,15,8.3,30.2,30.1,30.1,0
8/21/22,2022,aug,21,88,77.1,70,68,93,64.3,36,15,9.1,30.1,30.1,30.1,0
8/22/22,2022,aug,22,72,69.4,67,70,100,95.6,84,10,6.5,30.1,29.9,29.8,0
8/23/22,2022,aug,23,73,70,68,68,96,90.9,79,12,6.4,29.8,29.8,29.8,0.44
8/24/22,2022,aug,24,81,72.1,67,69,100,85.4,62,13,5.8,29.9,29.9,29.8,0.02
8/25/22,2022,aug,25,83,77.2,72,69,91,66.7,49,16,7.5,30,30,29.9,0
8/26/22,2022,aug,26,90,76,70,69,91,71.2,40,23,11,30,29.9,29.8,0
8/27/22,2022,aug,27,77,70.8,68,68,96,84.5,69,17,8.6,30.1,30,29.9,0.41
8/28/22,2022,aug,28,75,70.2,66,64,90,76.6,63,18,8.4,30.2,30.2,30.1,0
8/29/22,2022,aug,29,88,75.6,66,70,90,72,48,16,11.1,30.1,30.1,30,0
8/30/22,2022,aug,30,91,79.2,72,72,93,73.5,45,18,13.3,30,29.8,29.8,0
8/31/22,2022,aug,31,85,76,70,72,96,67.5,31,20,10.2,29.8,29.7,29.7,0.33
9/1/22,2022,sep,1,80,72.7,64,53,63,43.7,29,20,11.6,30.1,29.9,29.8,0
9/2/22,2022,sep,2,68,63.7,58,54,72,58.4,50,13,9.5,30.3,30.2,30.1,0
9/3/22,2022,sep,3,75,67,59,59,83,66.9,51,22,10.2,30.3,30.2,30.1,0
9/4/22,2022,sep,4,82,72.9,64,68,84,71.1,54,16,9.1,30.2,30.1,30,0
9/5/22,2022,sep,5,72,68.1,63,68,97,92.8,87,16,8.7,30.1,30.1,30.1,0
9/6/22,2022,sep,6,65,63.8,62,64,97,93.8,87,16,9.8,30.1,30.1,30.1,0.72
9/7/22,2022,sep,7,71,64.8,60,62,97,83.2,63,15,11.7,30.1,30,30,0.25
9/8/22,2022,sep,8,71,64.6,59,60,96,79.3,63,15,9.3,30,29.9,29.9,0
9/9/22,2022,sep,9,74,66.4,59,63,90,77.4,52,9,5.4,30.1,30,30,0
9/10/22,2022,sep,10,79,72.4,67,64,81,66,52,10,6.9,30.2,30.2,30.1,0
9/11/22,2022,sep,11,80,73.7,69,64,81,63.6,50,16,6.9,30.1,30.1,30,0
9/12/22,2022,sep,12,75,69.7,66,68,96,86.6,73,12,7.3,29.9,29.8,29.8,0
9/13/22,2022,sep,13,73,69.4,66,71,100,96,84,12,6.7,29.8,29.8,29.7,0
9/14/22,2022,sep,14,80,71.5,63,64,84,62.8,45,18,12.6,29.9,29.8,29.7,0.15
9/15/22,2022,sep,15,71,65.2,59,58,70,44.7,30,20,14.4,30.1,30.1,29.9,0
9/16/22,2022,sep,16,72,63.1,55,45,53,44.4,35,15,10.3,30.2,30.1,30.1,0
9/17/22,2022,sep,17,65,60.4,53,53,75,56.3,38,14,9.4,30.3,30.2,30.1,0
9/18/22,2022,sep,18,84,72,61,67,93,71,46,17,13.9,30.1,30,29.9,0
9/19/22,2022,sep,19,72,63.7,59,66,100,91.5,78,14,9.2,30,29.9,29.8,0.01
9/20/22,2022,sep,20,62,60.1,59,59,96,88.9,80,10,6.6,29.9,29.9,29.8,0.43